"Text"," topic "
"استمر المنتخب اليوناني في تفوقه على نظيره المصري في إجمالي عدد مرات الفوز، وفقًا لتاريخ مواجهتهما.","sport"
"استمرار تفوق اليونان","sport"
"البطولة صعبة على جميع الفريق، وبطولات الكؤوس لا تعترف بالمستويات أو التاريخ، كما أن النصر يملك مقومات الفوز بالبطولة، بسبب امتلاكه لاعبين أكفاء، سواء محليين أو محترفين.""","sport"
"إذن لماذا وافقت على القيام بالمهمة؟","sport"
"أتوجه بجزيل الشكر إلى رئيس القادسية السابق، فواز الحساوي، على مدحه لي، وثقته في، بالتأكيد على رغبته في إسناد مهمة تدريب القادسية لي، وهو أمر أكثر من رائع.","sport"
"أضاف بول بوجبا الهدف الثاني لمنتخب فرنسا عند بداية الشوط الثاني، عبر ركلة حرة مباشرة نفذها ببراعة على يمين الحارس.","sport"
"أعلن الاتحاد اللبناني لكرة القدم موعد مباراتي نصف نهائي كأس لبنان، بحيث تقام المباراة الأولى في هذا الدور بين العهد والإخاء الأهلي عاليه يوم الجمعة 6 أبريل/نيسان المقبل.","sport"
"بداية فرص كوستاريكا، بدأت مع الدقيقة 56، حين قام براين رويس، بمحاولة جريئة، لكن حارس تونس، تألق وأخرج الكرة إلى ركلة ركنية.","sport"
"تدريب المنتخب طموح مشروع لجميع المدربين الوطنيين، لكنني لا أطمح لتدريب المنتخب في الوقت الحالي، خاصة وأنني مرتبط بعقد مع نادي النصر.","sport"
"تعرض سيرجيو روميرو، حارس مرمى منتخب الأرجنتين، للإصابة خلال المباراة الودية أمام إسبانيا، المقامة على ملعب واندا ميتروبوليتانو.","sport"
"تعرض عمر جابر، المحترف في لوس أنجلوس الأمريكي، إلى إصابة قوية أثناء تدخله في كرة مشتركة مع أحد لاعبي المنتخب اليوناني.","sport"
"حارس الأرجنتين يغادر ودية إسبانيا للإصابة,""روميرو","sport"
"حاليا أنا مع نادي النصر، وعقدي ينتهي بنهاية الموسم الجاري، وهناك مفاوضات من قبل مجلس إدارة النادي بتجديد عقدي.","sport"
"حرص كوبر على إشراك بعض الوجوه الجديدة في مباراة اليونان من أجل الاطمئنان على مستوياتهم قبل اختيار القائمة النهائية المشاركة بالمونديال.","sport"
"حظيت مباراة المنتخب المصري أمام نظيره اليوناني، التي انتهت بفوز الأخير بهدف دون رد وديًا اليوم ضمن استعدادات الفراعنة لخوض منافسات كأس العالم في الصيف المقبل بالعديد من المشاهد.","sport"
"حقق منتخب تونس، فوزا معنويا ثمينا، على حساب نظيره الكوستاريكي، بهدف نظيف، في إطار المباراة الودية التي جمعت الفريقين، على ملعب نيس بفرنسا.","sport"
"حينما أتلقى العرض الرسمي من قبل القادسية، سيكون لكل حادث حديث.","sport"
"سقط المنتخب الدنماركي لكرة القدم، في فخ التعادل السلبي مع ضيفه التشيلي، في المباراة الودية التي أقيمت بينهما اليوم على استاد """"ألبورج بارك"""" ضمن استعداداته لبطولة كأس العالم 2018 بروسيا.","sport"
"شارك محمد عواد، حارس مرمى الفريق الأول لكرة القدم بفريق الإسماعيلي، في المباراة منذ بدايتها، حيث يسعى الجهاز الفني للفراعنة بقيادة هيكتور كوبر لتجربته قبل المونديال.","sport"
"ظهور الوجوه الجديدة","sport"
"فاز المنتخب الفرنسي، على مضيفه الروسي، بثلاثة أهداف لهدف، في المباراة الودية التي جمعت بينهما اليوم ضمن الاستعداد لمونديال 2018. ","sport"
"في البداية، تلقيت اتصالا هاتفيا من رئيس لجنة التسوية، مشعل الربيع، ثم اتصالا آخر من أحمد عبد الحميد، للتأكيد على قيادة الكويت في مواجهتي مصر وفلسطين.","sport"
"فيما تقام المباراة الثانية بين التضامن صور والنجمة يوم السبت 7 نيسان/أبريل، علمًا بأن المباراتين سيقاما على ملعب """"الشهيد رفيق الحريري"""" في صيدا.","sport"
"كيف سارت المفاوضات لتدريب المنتخب الكويتي الأول؟","sport"
"لا أخفيك سرا في أنني أطمح بالفوز بلقب أغلى الكؤوس الكويتية، وهو الأمر الذي أجهز له اللاعبين فنيا ونفسيا.","sport"
"لا، لم أتلق أي عرض رسمي حتى أقبل أو أرفض، لكن ترشيحي من طرف شخصية مرموقة مثل الحساوي، بتدريب القلعة الصفراء، صاحبة الجماهيرية العريضة والبطولات، شرف كبير.","sport"
"لماذا تم الإبقاء على رادي؟","sport"
"ما رأيك في تصريح الحساوي بإسناد مهمة تدريب القادسية لك حال توليه جهاز الكرة؟","sport"
"ما هو طموحك في بطولة كأس سمو الأمير؟","sport"
"مشاركة عواد","sport"
"مع انطلاقة الشوط الثاني، كاد منتخب تونس أن يضاعف النتيجة في الدقيقة 48، عن طريق نعيم السليتي، لكن الحارس نافاس تصدى لمحاولته.","sport"
"من ستختار.. النصر أم القادسية؟","sport"
"موقع ، أجرى مقابلة صحفية مع ظاهر العدواني، للوقوف على أسباب عدم تدريبه للمنتخب الكويتي.. وإلى نص الحوار:","sport"
"هذا السؤال يجب توجيهه للجنة التسوية، وعلى أي حال، أنا أؤيد بقاء رادي في المهمة، وأتمنى له التوفيق.","sport"
"هذا أمر طبيعي للغاية، ليس من المنطق ألا يلبي أي مدرب، نداء منتخب بلاده، كما أن الاتصال كان عبر الرجل الأول في اتحاد الكرة.","sport"
"هل ضمن النصر البقاء في الدوري؟","sport"
"هل كلامك يعني الموافقة؟","sport"
"هل كنت تطمح لتدريب المنتخب الكويتي؟","sport"
"هناك 6 أندية من بينها النصر، لم تضمن البقاء بنسبة 100 بالمئة.","sport"
"واحتل الوكرة المركز الثاني في جدول ترتيب دوري الدرجة الثانية، ليضطر إلى خوض المباراة الفاصلة مع الخريطيات، والذي احتل المركز الحادي عشر في جدول الترتيب بدوري نجوم قطر.","sport"
"واختتم: """"حاولنا جاهدين تخطي جميع العقبات التي واجهتنا، والآن أمامنا عقبة واحدة هي المباراة الفاصلة وبإذن الله سنتخطاها سوياً من خلال الحضور الكبير الذي نتمناه سواء في التدريبات خلال هذه الفترة بملعب النادي أو في المباراة المصيرية """".""","sport"
"واستطاع لاعب العين الإماراتي، إحراز 7 أهداف حتى الآن في مسابقة الدوري، بداية من فترة انتقاله خلال انتقالات يناير/كانون ثان الماضي، قادمًا من مصر المقاصة.","sport"
"واستطاع محمد مجدي، أن يحرز 6 أهداف، إضافة إلى تمكنه من صناعة 3 آخرين.","sport"
"وانتهى الشوط الأول بالتعادل السلبي، ثم سجل ماتيو فيليبس، هدف المباراة الوحيد، في الدقيقة 48.""","sport"
"وأتيحت في الدقيقة 38، فرصة جديدة لمنتخب تونس، لمضاعفة النتيجة، عن طريق وهبي الخزري، الذي تسرع في التصويب، لتمر تسديدته، فوق مرمى نافاس بقليل.","sport"
"وأحرز هدف منتخب اليونان الوحيد نيكولاوس كاريليس في الدقيقة 30 من عمر الشوط الأول ليكبد منتخب مصر الخسارة الودية الثانية، بعد الهزيمة أمام البرتغال (2-1) يوم الجمعة الماضي.","sport"
"وأشار رئيس نادي الوكرة إلى أن هذه الفترة التي تسبق خوض المباراة الفاصلة أمام فريق الخريطيات تحتاج لتضافر كافة الجهود حتى يتمكن الفريق من العودة إلى مصاف الكبار مرة أخرى، خاصة وأن هذا هو مكانه الطبيعي بالفعل ووجوده في الدرجة الأولى هو القاعدة وما دون ذلك هو الاستثناء.","sport"
"وأضاف: """"ثقتنا كبيرة في جميع لاعبينا الذين يملكون الرغبة والإصرار اللازمين لتحقيق الفوز المطلوب، ورغم أن معظم الترشيحات تصب في مصلحة فريق الخريطيات بسبب فارق المستوى بين منافسات الدرجة الأولى والثانية، إلا أن اسم الوكرة والتاريخ الرائع للنادي سيكون حاضراً بقوة أمام أعين اللاعبين خلال هذا اللقاء"""".","sport"
"وبسام، هو نجل اللاعب العراقي هشام علي، ويقيم في قطر منذ فترة طويلة، ومثل المنتخبات القطرية منذ صغره.""","sport"
"وبلغ الإخاء هذا الدور بفوزه على النبي شيت (2-0)، في ربع النهائي، فيما تأهل التضامن صور بفوزه على السلام زغرتا (5-4) بركلات الترجيح بعد التعادل (1-1) في الوقتين الأصلي والإضافي.""","sport"
"وبلغ العهد هذا الدور بعد فوزه على طرابلس (6-5) بركلات الترجيح بعد التعادل (1-1)، في الوقتين الأصلي والإضافي، أما النجمة فوصل بفوزه على الأنصار (1-0) في ربع النهائي.","sport"
"وتابع: """"رغم كل الظروف التي واجهتنا والتي ما زالت تواجهنا إلا أننا حاولنا بكل ما أوتينا من قوة ولم يدخر أي أحد من أعضاء الفريق سواء من اللاعبين أو الجهازين الفني والإداري ومعهم مجلس الإدارة أي جهد للعودة لدوري المحترفين"""".","sport"
"وتأهل الشحانية مباشرة إلى دوري المحترفين بعد حلوله في الصدارة، ويتمسك الوكرة بأمل العودة إلى مصاف الكبار من جديد بعد هبوطه الموسم الماضي.","sport"
"وتدخل حارس مرمى مانشيستر يونايتد، في كرة مع المهاجم دييجو كوستا، الذي انفرد بالمرمى واستطاع إحراز الهدف الأول لإسبانيا في الدقيقة 13.","sport"
"وجاء اختيار اللاعب بعد المستوى المميز الذي قدمه في مباراتي العنابي مع العراق وسوريا.","sport"
"وجه الشيخ خليفة بن حسن آل ثاني، رئيس نادي الوكرة القطري لكرة القدم، رسالة إلى جماهير النادي طالبهم فيها بمساندة الفريق، خلال الفترة المقبلة حتى يتمكن من تحقيق الهدف المرجو بالعودة مرة أخرى إلى دوري المحترفين القطري.","sport"
"وخاض الشحات، 12 مباراة مع فريق العين حتى الآن، منها 8 مباريات بالدوري، و3 في دوري أبطال آسيا ولقاء وحيد في الكأس.","sport"
"وسجل مهاجم باريس سان جيرمان، كيليان مبابي، هدفين لمنتخب فرنسا، في الدقيقتين 40 و83، بينما سجل بول بوجبا هدفًا في الدقيقة 49، وجاء الهدف الوحيد لمنتخب روسيا عبر سمولوف بالدقيقة 68.","sport"
"وسجل هدف اللقاء، النجم التونسي وهبي الخزري، في الدقيقة 36.","sport"
"وسقط الثنائي على الأرض ، ليتدخل الجهاز الطبي لكل منتخب، ويستكمل اللاعبان المباراة بصورة طبيعية.","sport"
"وسكنت شباك عواد 18 هدفًا، إلا أنه نجح في الخروج بشباك نظيفة في 12 لقاء.","sport"
"وسنحت أول فرصة لمنتخب روسيا بعد مرور 15 دقيقة، بعد عرضية من دزاجوييف من الجهة اليسرى إلى سومولوف الذي سدد الكرة بيسراه، لكن لوريس تصدى للكرة بصعوبة قبل أن يشتتها الدفاع الفرنسي.","sport"
"وسيواجه الوكرة فريق الخريطيات في مباراة فاصلة لتحديد الفريق الثاني الصاعد لدوري النجوم، مع الشحانية، في 14 أبريل المقبل على ملعب حمد بن خليفة بالنادي الأهلي.","sport"
"وشارك عمر جابر في مباراة المنتخب المصري منذ بديتها كظهير أيسر، علمًا بأن مركزه الأساسي ظهير أيمن.""","sport"
"وشارك عواد في 26 مباراة مع الإسماعيلي في الموسم الحالي، بمعدل دقائق بلغ 2295 دقيقة.","sport"
"وشارك قفشة، في 25 مباراة مع فريقه البترولي بالموسم الحالي، بواقع 24 مباراة بمسابقة الدوري ولقاء وحيد بكأس مصر.","sport"
"وصنع المنتخب الفرنسي فرصته الأولى في المباراة عبر عرضية مارسيال باتجاه المُتقدم داخل منطقة الجزاء بول بوجبا، لكن لوفنيف، خرج لالتقاط الكرة في الوقت المناسب.","sport"
"وطالب منتخب تونس، في الدقيقة 85، باحتساب ركلة جزاء لصالحه، بعد ارتكاب خطأ على الخنيسي، لكن الحكم الفرنسي شنايدر، أمر بمواصلة اللعب، لتنتهي المباراة بفوز تونس بهدف نظيف.""","sport"
"وظلت السيطرة التونسية فوق الميدان، لكن دون خطورة حقيقية، وفي الدقيقة 32، قام مدرب تونس، نبيل معلول، بتغيير اضطراري، بإشراك أسامة الحدادي، بدلًا من علي معلول.","sport"
"وظهر الثنائي محمد مجدي قفشة لاعب إنبي، والذي شارك في المباراة منذ بدايتها، وحسين الشحات لاعب العين الإماراتي، الذي ظهر في المباراة بداية من الشوط الثاني.","sport"
"وعادت فرنسا لتهديد مرمى روسيا بعد تمريرة من مارسيال لمبابي داخل منطقة الجزاء، لكن تسديدة الأخير قوبلت برد فعل ممتاز من الحارس.","sport"
"وعند الدقيقة 40، نجح مبابي في تسجيل الهدف الأول لفرنسا، بعد تمريرة رائعة من بوجبا له وضعته في موقف مميز، وراوغ مبابي المدافع نويستادير قبل أن يضع الكرة ببراعة في المرمى.","sport"
"وفرض منتخب تونس، سيطرته من البداية، بفضل تشكيلة متوازنة، وخطة (5-2-2-1)، وكاد لاعبو نسور قرطاج، أن يفتتحوا التسجيل، في الدقيقة السابعة.","sport"
"وفشل منتخب تشيلي في بلوغ نهائيات كأس العالم، لكنه يخوض المباراة ضمن محاولاته لاستعادة الاتزان بعد الإخفاق في التصفيات، إضافة لاستعداداته المبكرة للدفاع عن لقبه القاري في النسخة الجديدة من بطولة كأس أمم أمريكا الجنوبية (كوبا أمريكا) والتي تستضيفها البرازيل منتصف العام المقبل.""","sport"
"وفي الدقيقة 14، حاول منتخب كوستاريكا، هز الشباك، عن طريق برويس، لكن الحارس التونسي معز حسن، تصدى للهجمة.","sport"
"وفي الدقيقة 42، قام أنيس البدري، بهجمة سريعة، وكاد أن يسجل الهدف الثاني لتونس، لكن تصويبته القوية، مرت بجانب مرمى الحارس نافاس. ","sport"
"وفي الدقيقة 75، كاد فخر الدين بن يوسف، أن يسجل لتونس، لكن كرته الجميلة تصدت لها العارضة. ","sport"
"وقال في تصريحات للموقع الرسمي للنادي: """"الجميع الآن يجب أن يكونوا على قلب رجل واحد من أجل تحقيق هذا الهدف وإسعاد الجماهير بتخطي عقبة الخريطيات الصعبة، وثقتي كبيرة في قدرة لاعبينا القدامى على القيام بدورهم في هذه الفترة بتشجيع الفريق ودعمه معنويا"""".","sport"
"وكان محمد الشناوي، حارس الأهلي، قد شارك في مباراة المنتخب المصري أمام البرتغال والتي فاز بها الأخير بهدفين مقابل هدف.","sport"
"ولم يستطع عمر جابر استكمال المباراة، حيث خرج وشارك أيمن أشرف، لاعب الأهلي، بدلاً منه.","sport"
"ومع الدقيقة 26 طلب روميرو التبديل متأثرا بإصابته حيث لم يتمكن من استكمال اللقاء، ليقوم المدرب خورخي سامباولي بالتغيير الأول بالدفع بويلي كاباييرو.""","sport"
"ونجح منتخب تونس، في افتتاح النتيجة، في الدقيقة 36، عن طريق اللاعب وهبي الخزري، الذي تلقى تمريرة أنيس البدري، وراوغ دفاع وحارس الخصم، ليسكن الكرة داخل الشباك.","sport"
"ويتفوق المنتخب اليوناني على نظيره المصري في تاريخ مواجهات الفريقين، حيث نجح أحفاد الفراعنة في تحقيق الفوز خلال 3 مواجهات، بينما فاز أبناء الإغريق في 6 مباريات، في حين سيطر التعادل بينهما على 4 لقاءات.","sport"
"ويستعرض """""""" في التقرير التالي أبرز مشاهد المباراة:-","sport"
"ويلعب المنتخب الدنماركي في المجموعة الثالثة بالمونديال مع بيرو وفرنسا وأستراليا.","sport"
"يعد ظاهر العدواني، المدير الفني للنصر الكويتي، ضمن أفضل المدربين على الساحة المحلية، وأصبح مرشحًا لتدريب القادسية، كما تم ترشيحه، لقيادة المنتخب الكويتي موقتا.","sport"
" حصل لاعب منتخب قطر، بسام هشام الراوي، على جائزة أفضل لاعب في بطولة الصداقة الدولية، التي اختتمت مساء اليوم في البصرة.","sport"
"1,بالصور.. منتخب اسكتلندا يتخطى المجر بهدف نظيف,""تغلب المنتخب الاسكتلندي على مضيفه المجري، بهدف نظيف، في المباراة الودية، التي أقيمت بينهما، اليوم الثلاثاء، ضمن استعدادات الفريقين للارتباطات المقبلة.","sport"
"2,مشاركة عواد والوجوه الجديدة أبرز ملامح لقاء مصر واليونان,""المنتخب المصري","sport"
"3,رئيس الوكرة يستنجد بالجماهير قبل مواجهة الخريطيات,""الشيخ خليفة بن حسن آل ثاني","sport"
"4,بالصور.. فوز معنوي ثمين لتونس على كوستاريكا,""فرحة لاعبي المنتخب التونسي","sport"
"5,بالصور: الدنمارك تتعادل مع تشيلي استعدادا لكأس العالم,""جانب من اللقاء","sport"
"6,العدواني في حوار ل: أطمح في تدريب المنتخب الكويتي مستقبلًا,""ظاهر العدواني","sport"
"7,لاعب قطر الأفضل في بطولة الصداقة الدولية,""بسام هشام الراوي","sport"
"8,تحديد موعد مباراتي نصف نهائي كأس لبنان,""فرحة الأنصار بلقب النسخة الماضية","sport"
"9,بالصور: مبابي يقود فرنسا لفوز ثمين على روسيا,""فرحة لاعبي المنتخب الفرنسي","sport"
"بلينقهام لاعب فاشل","sport"
"ميسي لاعب ليس بجودة رونالدو","sport"
"وفقد نهضة بركان فرصة تقاسم الصدارة مع الرجاء، الذي تعادل مع مولودية وجدة (2/2).","sport"
"4500 كتابا حظرته السلطات الكويتية خلال السنوات الخمس الماضية. هذا الرقم استفز الفنان الكويتي محمد شرف، فقرر إنشاء مقبرة للكتب، كطريقة للتعبير عن رفضه للحظر جملة وتفصيلا.","Politics"
"احتفت حديقة حيوان ""لا ميناجيري"" بالعاصمة الفرنسية باريس بأول مولود لها هذا العام من حيوان انسان الغاب المنتمي لفصيلة البورنيان أورانغوتان النادرة. وقام مسؤولو الحديقة بإطلاق اسم ""جافا"" على المولودة التي تعد أول حيوان لإنسان الغاب يولد عبر حدائق الحيوان الست الموجودين في فرنسا.","Politics"
"احذروا الأفاعي في المرحاض!","Politics"
"الآنين الخافت الذي كانت تخرجه حنجرة الصغيرة أماني التي طمرها ركام البيت بعد قصفه، ذاك الأنين أضفى على المشهد مزيداً من الوجع في قلب تلك الجدة الثكلى التي قُدِّرَ لها أن تتشارك الفاجعة مع حفيدتها الصغيرة لأمدٍ ليس بالقصير..","Politics"
"الصين لباكستان.. المؤسسة العسكرية هي العمود الفقري للعلاقات بين البلدين","Politics"
"القبض على افعى ضخمة في الصين بعد التهامها لقط","Politics"
"الكاتبة الكويتية مي النقيب، كانت قد غردت معبرة عن صدمتها بأن كتابها the hidden lights of objects ممنوع في بلدها الكويت.","Politics"
"الكاتبة حياة الياقوت ، من الكويت أيضاً ، غردت لتدعم الرقابة، ملمحة إلى أن من يطالبون بتحجيم الرقابة على الكتب، هم أنفسهم يمارسون الرقابة على أبنائهم.","Politics"
"المزيد من الأخبار على يورونيوز:","Politics"
"المزيد من الأخبار على يورونيوز:","Politics"
"المهربون السابقون للمهاجرين في النيجر...بين الخطر وحرب الشرعية الاقتصادية","Politics"
"الهواء في مدينة الرقة السورية لا زال مشبعاً برائحة الموت، فيما الدمار ما برح يمتص بريق العيون ويتركها شاخصة في اللاشيء، الذي التهم كل شيء.","Politics"
"إليكم بعض التغريدات حول الفكرة:","Politics"
"أفعى عملاقة تتحول إلى طبق شهي","Politics"
"آلاف يحتجون في روما على تدهور حالة العاصمة الإيطالية","Politics"
"باكستان: الإفراج عن رئيس الوزراء السابق نواز شريف وابنته","Politics"
"بريطانيا تتعهد بسن قانون في 2019 لمكافحة تلوث الهواء المميت","Politics"
"تسعير خام دبي لشهر أبريل عند 0.10 دولار للبرميل دون العماني","Politics"
"تورونتو (رويترز) – قالت وزيرة الخارجية الكندية كريستيا فريلاند يوم الاثنين إن بلادها ستطرد دبلوماسيا من فنزويلا كما ستمنع سفير فنزويلا من العودة إليها بعدما طردت فنزويلا مبعوثين من البرازيل وكندا انتقدوا سجلها الحقوقي.","Politics"
"حصري ليورونيوز: الفنان الكويتي محمد شرف ينعي الكتب المحظورة في مقبرة بلا موتى!","Politics"
"حملت سيدة عن طريق الخطأ ثعبانا، في احدى حقائبها في رحلتها من أستراليا إلى بريطانيا، حيث كانت مختبئة في فردة حذائها.","Politics"
"ربما إلى الآن لم تدرك الصغيرة أماني أحمد ما حلّ بوالديها وشقيقها الأكبر الذين قضوا في غارة جوية.. أو ربما أنها لا تعلم أصلاً بأن لكل طفل أبٌ وأمٌ يرعيانه ويمدّانه بأسباب العيش والأمان، أو ربما أنها تعلم ولكن ليس بيدها حيلة.. هي الآن تعيش في كنف جدتها، الجدة التي تتذكر تفاصيل اليوم المهول الذي قضى فيه ابنها وزوجته وحفيدها إثر قصف منزل العائلة..","Politics"
"روما (رويترز) - تظاهر آلاف المحتجين أمام مبنى بلدية روما يوم السبت للتنديد بتدهور أحوال العاصمة الإيطالية مع انتشار الحفر والقمامة في الشوارع في حين تجوب الخنازير البرية الطرقات.","Politics"
"سنغافورة (رويترز) - قالت دائرة شؤون النفط في حكومة دبي يوم الأربعاء إن الإمارة حددت فرق السعر الرسمي عن العقود الآجلة للخام العماني لشهر أبريل نيسان عند خصم قدره 0.10 دولار للبرميل.","Politics"
"شاهد.. ثعبان يسافر من أستراليا إلى بريطانيا مختبئا في حذاء لـ 40 ساعة","Politics"
"شاهد: الرقة السورية بعد عام على دحر داعش.. عيون شاخصة وهواء مشبع برائحة الموت","Politics"
"شاهد: حديقة حيوان باريس تحتفل بمولد صغيرة انسان الغاب ""جافا""","Politics"
"شاهد: رئيس وزراء باكستان عمران خان يلتقي ولي عهد أبو ظبي محمد بن زايد","Politics"
"شرف كان قد وضع ألواحه على شكل شواهد قبور في ساحة عند أرض المعارض، على الساعة السابعة صباحا، قبل أن يفتتح المعرض أبوابه، تركها ومشى، بعد أن التقط صورا لما أبدع، وبدأ بنشر الصور على مواقع التواصل الاجتماعي، ليبدأ تفاعل الجمهور معها.","Politics"
"عام مضى على طرد تنظيم داعش من الرقة الواقعة في شمال سوريا هذه المدينة الحزينة التي لا زالت تئن تحت وطأة الفاجعة..","Politics"
"عمران خان تعليقاً على اتصال ماكرون : أنا مشغول أخبروه أن يتصل بعد ثلاثين دقيقة","Politics"
"ففي ساحة ترابية مقابلة لمعرض الكتاب الدولي، الذي انطلق في الرابع عشر من الشهر الجاري، زرع شرف حوالي 200 لوح حجري، خط عليها أسماء بعض تلك الكتب، في محاولة للفت الانتباه إلى حجم الهفوة التي حصلت، إلا أن المقبرة لم تصمد، فالرواج الذي لاقته الفكرة، دفعت بالسلطات إلى إزالة هذه المقبرة بعد ساعات فقط، حيث بدأ المغردون بالتعليق وإبداء الرأي على #منع في الكويت، ليكون من الهاشتاغات المتصدرة على تويتر.","Politics"
"في مثل هذه الأيام من العام الماضي سيطرت قوات سوريا الديمقراطية (وهي تحالف فصائل كردية وعربية تدعمه واشنطن) على الرقة بعد أربعة أشهر من المعارك مع تنظيم داعش، لكن منظمة العفو الدولية اتهمت التحالف بقيادة الولايات المتحدة بعدم الاعتراف بما حدث والتحقيق فيما وصفته بأنه ""نطاق صادم من القتلى المدنيين والدمار الذي تسبب فيه في الرقة"" التي استخدمت فيها داعش المدنيين دروعا بشرية.","Politics"
"قال رئيس الوزراء الباكستاني عمران خان لقناة العربية خلال زيارة للسعودية اليوم الأربعاء إن بلاده ""تقف مع السعودية دائما"".","Politics"
"قالت وزارة الدفاع بالنيجر إن قوات وضربات جوية قتلت أكثر من 280 من مسلحي جماعة بوكو حرام المتشددة منذ بدأت الحكومة عملية ضد الجماعة الأسبوع الماضي.","Politics"
"قوات النيجر تقتل أكثر من 280 من مقاتلي بوكو حرام","Politics"
"كندا بصدد طرد دبلوماسي فنزويلي في تحرك انتقامي","Politics"
"لندن (رويترز) - تعهدت بريطانيا يوم الاثنين بمكافحة تلوث الهواء وسن قانون جديد هذا العام بشأن جودة الهواء لإنقاذ الأرواح وتوفير مليارات الجنيهات للاقتصاد.","Politics"
"ماذا يجري في النيجر... هل فشلت سياسة الاتحاد الأوروبي في الحد من الهجرة غير الشرعية","Politics"
"محمد غازي أيضا وهو كاتب كويتي لديه مؤلّف باللغة الإنكليزية يحمل عنوان Blue استغرب بتغريدة عملية حظر كتابه.","Politics"
"وانسحبت هذه القوات في أكتوبر تشرين الأول من عام 2017 مما أثار مخاوف أمنية في إقليم ديفا.","Politics"
"وأدى إضراب عمال النظافة لترك الكثير من صناديق القمامة مملوءة عن آخرها، وتملأ الحفر الشوارع، بينما يعاني نظام النقل المحلي من أزمة خانقة.","Politics"
"وأشار إلى أنه حصل على ردود أفعال متعددة، إيجابية وسلبية، والسلبية منها تراوحت ما بين استخدامه لأرض دون ترخيص، وترويجه لكتب إباحية أو كتب لا دينية.","Politics"
"وأضافت أن أكثر من 200 مسلح تم ""تحييدهم"" بضربات جوية وقتلت القوات النيجر على الأرض 87 مسلحا.","Politics"
"وأضافت فريلاند أن طرد فنزويلا لدبلوماسي كندي مطلع هذا الأسبوع “مثال على ممارسات نظام مادورو الذي يواصل تقويض كل جهود استعادة الديمقراطية ومساعدة شعب فنزويلا”.","Politics"
"وأضافت في البيان “الكنديون لن يقفوا بجانب حكومة فنزويلا التي تحرم شعبها من الحقوق الديمقراطية والإنسانية الأساسية وتمنعه من الحصول على المساعدات الإنسانية الضرورية”.","Politics"
"وأظهر مقطع جرى تداوله على الإنترنت في الآونة الأخيرة، مجموعة من الخنازير البرية تأكل من القمامة في شارع بالمدينة. وأظهر مقطع آخر هذا العام خنزيرا كبيرا يجري على طريق رئيسي أمام أنظار السائقين المذهولين.","Politics"
"وأكد أنه تمت إزالة المقبرة بعد 3 ساعات، لكن للآن لم يتم التواصل معه من قبل الجهات المسؤولة.","Politics"
"وألمح إلى أن السبب في نجاح هذا العمل أنه لم يزعج أحدا، ولم يعق حركة شخص مثلا، أو أضر بآخر، فالعمل سلمي تماما على حد تعبيره.","Politics"
"وبحث الشيخ محمد بن زايد وعمران خان قضايا إقليمية ودولية وسبل تعزيز العلاقات بين البلدين، وشددا على أهمية دعم المجتمع الدولي لتحقيق الأمن والسلام في دول المنطقة، ومحاربة الإرهاب والتطرف بكل أشكاله.","Politics"
"وبحسب التقارير، فإن مويرا بوكسال، وهي سيدة تبلغ من العمر 72 عاما، تفاجأت بروية الثعبان، الذي يبلغ طوله 60 سم، عند وصولها إلى إسكتلندا، بعد رحلة إلى أستراليا لزيارة ابنتها.","Politics"
"وتحت وسم #روما ديتشيه باستا، أو روما تقول كفى، انضم سكان إلى جمعيات ومنظمات من المجتمع المدني لتنظيم احتجاج يوم السبت الذي يقدر مراسلون من رويترز عدد المشاركين فيه بما يتراوح بين خمسة وثمانية آلاف.","Politics"
"وتعتبر الامارات والسعودية بلدين جاذبين للعمالة الباكستانية في الخارج، وتتمتع السعودية بروابط أمنية خاصة مع باكستان، وكان قد صرح خلال الزيارة للسعودية بأن بلاده تقف مع السعودية دائما، وأن المملكة ساعدت بلاده عندما احتاجت المساعدة.","Politics"
"وتقول رادجي، وهي أول امرأة في تاريخ المدينة تتولى رئاسة البلدية، إنها تحتاج مزيدا من الوقت للتغلب على المشاكل الهائلة في روما وإنها تحرز بالفعل تقدما جيدا.","Politics"
"وتقول فنزويلا إن حكومات غربية تسعى لتشجيع انقلاب يقوده اليمين.","Politics"
"وتنتمي رادجي لحركة 5-نجوم المناهضة للمؤسسات ووصلت إلى السلطة بعد موجة من السخط العام من فضائح سياسية هزت إدارات سابقة تديرها أحزاب اليسار واليمين.","Politics"
"وتنفذ بوكو حرام هجمات في النيجر وتشاد والكاميرون من معقلها في شمال شرق نيجيريا حيث تقاتل منذ أكثر من تسع سنوات لإقامة دولة خلافة.","Politics"
"وتنقل الثعبان في الحقيبة في 3 رحلات، مدتها 40 ساعة، من كوينزلاند إلى غلاسكو.","Politics"
"وحضر اللقاء الشيخ سيف بن زايد آل نهيان نائب رئيس مجلس الوزراء وزير الداخلية والشيخ منصور بن زايد آل نهيان نائب رئيس مجلس الوزراء وزير شؤون الرئاسة، وحضره من الجانب الباكستاني مخدوم شاه قريشي وزير شؤون الخارجية أسد عمر وزير المالية وشودي فواد حسين وزير الاعلام والإذاعة، وعبد الرزاق داود مستشار رئيس الوزراء لشؤون التجارة.","Politics"
"وزادت وتيرة انتقاد دول غربية وأخرى مجاورة من أمريكا اللاتينية هذا العام للرئيس نيكولاس مادورو الذي تتهمه بتدمير الديمقراطية وحقوق الإنسان.","Politics"
"وصل رئيس الوزراء الباكستاني عمران خان إلى الإمارات العربية المتحدة الأربعاء، في إطار جولته الرسمية الأولى، حيث التقى ولي عهد أبو ظبي الشيخ محمد بن زايد آل نهيان.","Politics"
"وعزز مقتل فتاة عمرها 16 عاما، عُثر على جثتها في مبنى مهجور يستخدمه تجار المخدرات، المخاوف بشأن مدى تطبيق القانون في المدينة. وقالت الشرطة إن الفتاة تعرضت لاغتصاب جماعي، واعتقلت أربعة مهاجرين.","Politics"
"وفي حديثه مع يورونيوز، أكد الفنان محمد شرف أن لخطوته هذه هدفين، الأول هو إلقاء الضوء على هذه الكتب التي حُظرت، أما الثاني، وعلى حد تعبيره، فهو أن نظهر للناس كيف يمكننا أن نعبر عن رفضنا لفكرة ما بطريقة سلمية، دون اعتصامات أو ندوات، أو حتى الكتابة في الصحف، وهذه الطرق يمكن أن تلاقي استحسان شريحة واسعة وأن تصل الرسالة بطريقة أسهل، أو أن تصل إلى شرائح مختلفة قد لا تكون مهتمة في هذا الموضوع"".","Politics"
"وفي يونيو حزيران 2016، لقي أكثر من 30 من جنود النيجر حتفهم خلال هجوم نفذته بوكو حرام على بلدة بوسو مما دفع تشاد إلى إرسال ألفي جندي لمساعدة جارتها في التصدي للمسلحين.","Politics"
"وقال ""نحتاج بشكل ملح لوضع هذه الخطوط الاسترشادية في قانون عام للتعجيل باتخاذ إجراء منسق وجرئ وطموح يحمي قلوب الناس أينما يعيشون في المملكة المتحدة"".","Politics"
"وقال المتحدث باسم التحالف إن عدد المدنيين الذين تأكد حتى الآن مقتلهم عرضا في تلك الحملة العسكرية هو 104 مدنيين لكنه لم يستبعد ارتفاع هذا العدد. وقال الكولونيل شون ريان في رسالة بالبريد الإلكتروني لرويترز ""إذا كان هناك ما يتردد عن قتلى مدنيين.. فسنتحقق من ذلك بالمضاهاة مع سجلاتنا الموجودة"".","Politics"
"وقال سيمون جيليسبي الرئيس التنفيذي لمؤسسة القلب البريطانية إن ""آلاف الأرواح تزهق سنويا في المملكة المتحدة لأن الهواء الذي نتنفسه يحتوى على جزئيات خطيرة"". وأضاف أن من الضروري دعم هذه الاستراتيجية بإجراء تشريعي.","Politics"
"وقال مايكل جوف وزير البيئة البريطاني في بيان ""تلوث الهواء يواصل تقصير الأعمار وإلحاق الضرر بأولادنا وتقليص جودة الحياة. علينا اتخاذ إجراء قوي وعاجل"".","Politics"
"وقال مدير قسم البحث العالمي في منظمة العفو الدولية هذا الشهر إن من المعتقد أن أغلب الجثث التي انتشلت من الرقة، وهي نحو 2500 جثة، تعود لمدنيين قتلوا في ضربات جوية.","Politics"
"وقال:""لم أبق لأشرح الهدف من الشواهد، فالعمل يتحدث عن نفسه""، وأضاف:""هنالك قوانين تمنع الكتب بسبب محتواها أو بسبب الكاتب نفسه، لكن باعتقادي الشخصي، فالكثير من الكتب منعت بطريقة عشوائية وغير دقيقة أو علمية أو مدروسة، بعضها منع لوجود كلمة غير مرغوبة، أو لوجود صورة مثلا، والكتب التي حُظرت هي كتب إسلامية وسياسية، وحتى بعض قصص الأطفال كانت من ضمن الممنوعات"".","Politics"
"وقالت الحكومة إن بريطانيا ستصبح أول اقتصاد كبير يتبنى أهداف بشأن جودة الهواء تعتمد على توصيات منظمة الصحة العالمية فيما يتعلق بتعرض الناس للجزئيات الضارة.","Politics"
"وقالت فريلاند في بيان إن السفير لم يعد مرحبا به في كندا وإن القائم بأعمال سفارة فنزويلا شخص غير مرغوب فيه.","Politics"
"وقالت ماريتا موناكو (57 عاما) التي شاركت في الاحتجاج ""نحن هنا لأن روما تستحق ما هو أفضل ولأنها في حالة من الإهمال لم نشهد مثلها من قبل"".","Politics"
"وقالت وزارة البيئة والغذاء والشؤون الريفية إنها تهدف إلى تقليص تكاليف تلوث الهواء على المجتمع 1.7 مليار جنيه استرليني سنويا بحلول 2020 ليزداد إلى 5.3 مليون جنيه سنويا ابتداء من 2030.","Politics"
"وقالت وزارة الدفاع بالنيجر في بيان يوم الأربعاء إن الجيش بدأ يوم الجمعة عملية واسعة ضد الجماعة على امتداد نهر كومادوجو بجنوب شرق البلاد والذي يفصل النيجر عن نيجيريا.","Politics"
"وقد غادر عمران خان البلاد حيث كان في وداعه الشيخ محمد بن زايد آل نهيان.","Politics"
"وكان خان قد توجه إلى المملكة العربية السعودية، وزار خلال تواجده السمجد النبوي في المدينة، ومن ثم انتقل إلى جدة على البحر الأحمر حيث التقى بالملك سلمان، في قصر السلام.","Politics"
"وكانت فنزويلا سحبت سفيرها احتجاجا على عقوبات فرضتها الحكومة الكندية على نظام مادورو في سبتمبر أيلول.","Politics"
"وكمثلها من المنتمين لفصيلة الأورانغوتان، يعيش صغار انسان الغاب بصحبة أمهاتهم حتى سن ثمانية أعوام وبعد ذلك يمكنهم العيش في البرية لمدة 40 سنة أو50 سنة في حدائق الحيوان.","Politics"
"ونشرت الحكومة العام الماضي خططا لخفض الانبعاثات من السيارات والطائرات. وبالإضافة إلى السيارات سيتم الاستغناء تدريجيا عن القطارات التي لا تعمل إلا بالديزل فقط بحلول 2040.","Politics"
"ويدرج الاتحاد الدولي للحفاظ على الطبيعة فصيلة الأورانغوتان ضمن فصائل الحيوانات المهددة بالانقراض نتيجة لإزالة أشجار الغابات والصيد غير المشروع بموطنه الأصلي بماليزيا وإندونيسيا مما حصر من اعدادها المتبقية لتصل إلى ما بين 50000 و60000 حول العالم.","Politics"
"ويرجح أن يكون الثعبان قد مر في فترة سبات، تخلص فيها من جلده القديم، خلال فترة الرحلة.","Politics"
"ويقول منتقدون إن حالة المدينة في تدهور منذ سنوات واتهموا رئيسة البلدية فرجينيا رادجي، التي تولت المنصب في 2016، بعدم الوفاء بتعهداتها خلال حملتها الانتخابية بالقضاء على مشكلة تراكم القمامة.","Politics"
"يذكر أن السيدة اتصلت بأحد مراكز الحيوانات، للامساك بالثعبان، حيث وضع في مركز مخصص للزواحف في أدنبره.","Politics"
"يطبق فرق السعر على متوسط التسويات اليومية لعقد أقرب استحقاق للخام العماني تسليم أبريل نيسان في نهاية فبراير شباط لتحديد سعر البيع الرسمي لخام دبي تحميل أبريل نيسان.","Politics"
"الحديث هنا تحديداً يخص محتويات نتائج البحث عن الصور وتطبيقات خرائط غوغل وتطبيقات تحديد المواقع الأخرى التابعة للشركة.","Politics"
"الناتج الصناعي الألماني يرتفع 0.2% في سبتمبر","Politics"
"إضافة إلى مشاكل ومخالفات قانونية وغرامات تواجه الشركة، كان آخرها غرامة بقيمة نحو مليونين ونصف المليون يورو بسبب تسخير غوغل محرك بحثها لإعطاء خدمات التسوق خاصتها تفضيلات غير قانونية على حساب الخدمات التابعة لجهات أخرى.","Politics"
"برلين (رويترز) - أظهرت بيانات يوم الأربعاء أن الناتج الصناعي الألماني زاد أكثر قليلا من المتوقع في سبتمبر أيلول مما يبعث على بعض الطمأنينة بشأن متانة أكبر اقتصاد في أوروبا في الربع الثالث من العام.","Politics"
"تحقيق أمريكي وأوروبي باختراق لغوغل كشف بيانات 500 ألف مستخدم","Politics"
"سانت أندروز (اسكتلندا) (رويترز) - قال مدير جهاز المخابرات الخارجية البريطانية (ام.آي 6) يوم الاثنين إن كفة التوازن العالمي تميل لصالح الصين، مع تحقيق ثاني أكبر اقتصاد في العالم لمكاسب مالية ضخمة، إضافة إلى زيادة النفوذ العالمي والهيمنة التكنولوجية.","Politics"
"سريلانكا تسلم رسميا ميناء لشركة صينية وتحصل على 292 مليون دولار","Politics"
"في حين قال متحدث باسم غوغل أن هذه الصور التي توفرها خدمات البحث وتطبيقات غوغل إيرث وغوغل مابس يتم توفيرها من قبل موردين خارجيين، وأن الشركة أعطت قائمة بالمواقع الحساسة لمورديها وطلبت منهم اتخاذ كل الخطوات الضرورية بأسرع وقت ممكن لتطبيق القانون.","Politics"
"في سبتمبر / أيلول، هيئة حماية البيانات الفرنسية رفعت دعوى على شركة غوغل أمام محكمة العدل الأوروبية في محاولة لإجبار الشركة على إلغاء نتائج البحث الحساسة على مستوى العالم، وليس فقط تحت نطاق .fr المحلي، ومن المتوقع صدور الحكم في أوائل عام 2019.","Politics"
"كولومبو (رويترز) - قال وزير المالية السريلانكي مانجالا ساماراويرا إن بلاده سلمت رسميا يوم السبت الأنشطة التجارية في مينائها الرئيسي بجنوب البلاد لشركة صينية وحصلت على 292 مليون دولار من صفقة قيمتها 1.12 مليار دولار.","Politics"
"للمزيد على يورونيوز:","Politics"
"محكمة لندن العليا تمنع محاولة لإجراء قانوني بحقّ غوغل","Politics"
"مدير المخابرات البريطانية يقول التوازن العالمي يميل إلى الصين","Politics"
"واشتكت وزيرة العدل أن مطالبها بإزالة هذه البيانات لم تلق آذاناً صاغية وأن اللقطات الجوية لا تزال موجودة.","Politics"
"وأظهرت بيانات وزارة الاقتصاد أن الناتج الصناعي زاد 0.2 بالمئة ليفوق بقليل توقعات رويترز لارتفاع نسبته 0.1 بالمئة.","Politics"
"كشفت شركة «أبل» عن الجيل الثاني من هاتفها «آيفون إس إي» iPhone SE الذي يقدم أداء عاليا في شاشة صغيرة وسعر منخفض. ويمكن القول إن آيفون إس إي الجديد هو عبارة عن «آيفون 8» بمعالج مطور، أو «آيفون 11» بشاشة وبطارية أصغر وقدرات تصويرية أقل في تصميم سابق.","Technology"
"  تصميم الهاتف مشابه لهاتف «آيفون 8»، مع استخدام الألمنيوم في الهيكل وخلفية زجاجية. ونظرا لأن معالج الهاتف هو نفسه المستخدم في «آيفون 11»، فإنه يدعم تقنيات التعلم الآلي بهدف إيجاد توازن بين الأداء والكفاءة. كما تقدم تقنيات التعلم الآلي قدرات لتطوير جودة الصور الملتقطة وضبط عُمق الصورة للكاميرا الخلفية أو الأمامية. وتستطيع تقنية المجال العالي الديناميكي High Dynamic Range HDR إعادة إضاءة العناصر التي يتم التعرف عليها في الصورة لجعلها تبدو أكثر طبيعية وبالتفاصيل المطلوبة، وتستطيع الكاميرا الخلفية تسجيل عروض الفيديو بالدقة الفائقة 4k بسرعة 60 صورة في الثانية، مع سهولة تحرير عروض الفيديو مباشرة من على الهاتف من خلال أدوات خاصة.","Technology"
"  وتم تصميم الهاتف بميزات الأمان التي تحمي الخصوصية وتقدم القدرة على التحكم بمعلومات المستخدمين، مثل ميزة «تاتش آي دي» Touch ID و«المنطقة الآمنة» Secure Enclave لحماية بيانات بصمات الأصابع، وخاصية منع التتبع الإعلاني في متصفح «سفاري» لمنع المعلنين الذين يتتبعون المستخدم من موقع لآخر.","Technology"
"  يبلغ قطر شاشة الهاتف 4.7 بوصة، وهي تعرض الصورة بدقة 326 بكسل في البوصة وبدقة 1334x750 بكسل، مع استخدام 3 غيغابايت من الذاكرة للعمل و64 أو 128 أو 256 غيغابايت من السعة التخزينية المدمجة. ويستخدم الهاتف معالج A13 سداسي النواة (من نواتين بسرعة 2.65 غيغاهرتز و4 أنوية بسرعة 1.8 غيغاهرتز). وتبلغ دقة الكاميرا الخلفية 12 ميغابكسل، بينما تبلغ دقة الكاميرا الأمامية 7 ميغابكسل.","Technology"
"  ويقدم الجوال مستشعر بصمة في الجهة الأمامية، ويستخدم بطارية بشحنة 1821 ملي أمبير – ساعة تدعم الشحن السريع بقدرة 18 واط أو الشحن اللاسلكي. الجوال مقاوم للمياه والغبار وفقا لمعيار IP67 (مقاوم للمياه لغاية عمق متر واحد لمدة 30 دقيقة)، وهو يدعم شبكات الجيل الرابع للاتصالات. ويعمل الهاتف بنظام التشغيل «آي أو إس 13»، ويدعم شبكات «واي فاي a وb وg وn وac وax وبلوتوث 5.0» اللاسلكية، مع دعم تقنية الاتصال عبر المجال القريب Near Field Communication NFC، ولكنه لا يدعم استقبال بث الراديو «إف إم» ولا يقدم منفذا للأشعة تحت الحمراء للتحكم بالأجهزة الإلكترونية المختلفة أو منفذا للسماعات الرأسية القياسية.","Technology"
"  الجوال متوافر بألوان الأسود أو الأبيض أو الأحمر، ويبلغ وزنه 148 غراما ويبلغ سمكه 7.3 مليمتر، وتبدأ أسعاره من 1699 ريالا سعوديا (نحو 453 دولارا) وفقا للسعة التخزينية المرغوبة، وهو متوافر بدءا من يوم الجمعة الماضي. وتجدر الإشارة إلى أن الشركة ستخصص جزءا من عائدات بيع الإصدار الأحمر لصالح صندوق الاستجابة لوباء «كوفيد - 19» لتوفير التمويل للبلدان التي تحتاج إلى معدات الوقاية الشخصية والتشخيص والعلاج واتصالات متعلقة بالسلامة العامة ودعم سلاسل التوريد، وغيرها.","Technology"
"  ولدى مقارنة الهاتف مع «آيفون 11»، نجد أن «آيفون 11» يتفوق في دعم استخدام شريحتي اتصال حقيقيتين، ويدعم «آيفون إس إي» شريحة واحدة حقيقية وشريحة إلكترونية، ومقاومة المياه والغبار معيار IP68 مقارنة بـIP67، وقطر الشاشة 6.1 مقارنة بـ4.7 بوصة، ودقتها 1792x828 مقارنة بـ1334x750 بكسل، والذاكرة (4 مقارنة بـ3 غيغابايت)، والكاميرا الخلفية (به كاميرتان كل منهما بدقة 12 مقارنة بواحدة فقط بدقة 12 ميغابكسل)، والأمامية (12 مقارنة بـ7 ميغابكسل)، مع دعم لبصمة الوجه، وشحنة البطارية (3110 مقارنة بـ1821 ملي أمبير – ساعة). ويتعادل الهاتفان في نوع المعالج وعدد أنويته وسرعتها، وكثافة الشاشة، والسعة التخزينية المدمجة، ودعم الشبكات اللاسلكية، بينما يتفوق «آيفون إس إي» في الوزن (148 مقارنة بـ194 غراما) والسمك (7.3 مقارنة بـ8.3 مليمتر).","Technology"
"  أما لدى مقارنة الهاتف بـ«غوغل بكسل 3 إيه» Google Pixel 3a، فنجد أن «بكسل 3 إيه» يتفوق في قطر الشاشة (5.6 مقارنة بـ4.7 بوصة)، ودقة الشاشة 2220x1080 مقارنة بـ1334x750 بكسل، وكثافة العرض (441 مقارنة بـ356 بكسل)، والذاكرة (4 مقارنة بـ3 غيغابايت)، وشحنة البطارية (3000 مقارنة بـ1821 ملي أمبير – ساعة)، والكاميرا الأمامية (8 مقارنة بـ7 ميغابكسل)، والخلفية (12.2 مقارنة بـ12 ميغابكسل)، وتقديم منفذ للسماعات الرأسية، والوزن (147 مقارنة بـ148 غراما)، والسعر (399 مقارنة بـ453 دولارا). ويتعادل الهاتفان في قدرات تسجيل عروض الفيديو، بينما يتفوق «آيفون إس إي» في السعات التخزينية (64 و128 و256 مقارنة بـ64 غيغابايت) والسمك (7.3 مقارنة بـ8.2 مليمتر). وعلى الرغم من أن معالجي الهاتفين مختلفان، فإن عدد أنوية «بكسل 3 إيه» أعلى (8 مقارنة بـ6 أنوية، بينما يدعم «آيفون إس إي» سرعة 2.65 غيغاهرتز لنواتين مقارنة بـ2 غيغاهرتز).","Technology"
"  ونقارن الهاتف أيضا مع «سامسونغ غالاكسي إيه 51» Samsung Galaxy A51، حيث نجد أن «غالاكسي إيه 51» يتفوق في قطر الشاشة (6.5 مقارنة بـ4.7 بوصة)، ودقة الشاشة 2400x1080 مقارنة بـ1334x750 بكسل)، وكثافة العرض (405 مقارنة بـ356 بكسل)، والذاكرة (4 مقارنة بـ3 غيغابايت)، وشحنة البطارية (4000 مقارنة بـ1821 ملي أمبير – ساعة)، والكاميرا الأمامية (32 مقارنة بـ7 ميغابكسل)، والخلفية (4 كاميرات بدقة 48 و12 و5 و5 مقارنة بـ12 ميغابكسل)، وقدرات تسجيل عروض الفيديو (الدقة الفائقة بسرعة 120 صورة في الثانية مقارنة بـ60 صورة في الثانية)، وتقديم منفذ للسماعات الرأسية، والسعر (350 مقارنة بـ453 دولارا). ويتفوق «آيفون إس إي» في السعات التخزينية (64 و128 و256 مقارنة بـ128 غيغابايت)، والسمك (7.3 مقارنة بـ7.9مليمتر)، والوزن (147 مقارنة بـ172 غراما). وعلى الرغم من أن معالجي الهاتفين مختلفان، فإن عدد أنوية «غالاكسي إيه 51» أعلى (8 مقارنة بـ6 بينما يدعم «آيفون إس إي» سرعة 2.65 غيغاهرتز لنواتين مقارنة بـ2.","Technology"
"علبة لـ«آي فون».. تمكن من التصوير بشكل احترافي  ","Technology"
"ديفيد باسيلتو أستاذ في مدرسة ثانوية في سان مارينو في كاليفورنيا، يعتقد أن بمقدوره القيام بعمل أفضل مع تلك الصور والفيديوهات التي يجري التقاطها بواسطة هاتف «آي فون»، أو جهاز «آي باد»، هذا إذا جرى تلقي مساعدة صغيرة من أداة قام بصنعها وتدعى «آي أوغرافر» (iOgrapher).","Technology"
"  * تصوير احترافي* الجهاز عبارة عن علبة بحجم فيديو الكاسيت القديمة، فقط، أدخل الهاتف إلى وسطها، ومن ثم يمكن تركيب عدسات مقربة، أو عريضة الزاوية، لالتقاط صور لا يستطيعها عملها عادة هذا الهاتف. ويبدو أن القيمة الحقيقية لـ«آي أوغرافر» هي بالنسبة إلى الأشخاص الراغبين في إنتاج أفلام سينمائية، وبوجود مقابض على جانبي العلبة، يمكن موازنة صور الفيديو، لا سيما الطويلة منها.والمقصود من منتج باسيلتو هذا على غرار المنتجات الأخرى التي صنعت خلال السنوات الأخيرة، أن يستخدم من قبل الطلاب والصحافيين وغيرهم من الراغبين في إنتاج محتويات تبدو من صنع محترفين، من دون إنفاق آلاف الدولارات، أو حمل معدات ثقيلة، ومثل هذه الملحقات تضيف إمكانات محسنة لكاميرا الهاتف الذكي.ويقول باسيلتو «انظروا إلى شعبية «يو تيوب»، فثمة تحول كبير في الطريقة التي يرى الطلاب فيها الذين أدرسهم العالم، فأنا راغب في تنويرهم وإبلاغهم أن بمقدور أي واحد منهم الخروج بقصة كبيرة أو برنامج».وإلى جانب القدرة على موازنة لقطات العلبة المحمولة باليدين، فإنه يمكن تركيبها بسهولة على حامل ثلاثي عادي أيضا، كما أن فيها مكان لوصل الإضاءة والميكروفون، وحتى كاميرا «غو برو» لاستكمال ما تصوره. ويمكن شراء هذه العلبة لهاتف «آي فون 5» أو «5 إس» من (iographer.com) مقابل 50 دولارا (العلبة الخاصة بـ«آي باد» ثمنها 70 دولارا) رغم أن هناك حاجة لشراء المعدات الإضافية، مثل الحامل الثلاثي، والميكرفونات، أو قدح الشفط بشكل منفصل. ويقول باسيلتو إنه لا ينوي حاليا إنتاج نسخ من هذه العلبة لاستخدامات هواتف «آندرويد»، لكنه ذكر أنه يقوم بإنتاج علبة مقاومة للمياه.","Technology"
"  * أفلام التلاميذ* وشرع باسيلتو (49 سنة)، وهو منتج سابق في هوليوود، في تعليم الإنتاج الفيديوي في مدرسة سان مارينو الثانوية الواقعة خارج لوس أنجليس منذ 6 سنوات، وهو راغب في أن يقوم تلامذته بإنتاج كثير من الأفلام، لكن لم تتوافر معدات كافية؛ لذا أرسلهم خارجا بما يملكونه من هواتف «آي فون» وأجهزة «آي باد»، ويعلق على ذلك بقوله «ما حصلنا عليه كان قصصا جيدة، لكنها كانت مهزوزة، أما الصوت فقد كان سيئا للغاية».وشرع باسيلتو يعمل على نموذج أولي من «آي أوغرافر»، الذي من شأنه مساعدة الطلاب على التقاط فيديوهات واضحة عالية النوعية. ويبدو أن الفكرة لاقت تجاوبا، فجامعات مثل بيردو شرعت تستخدمها، وقد قامت شركته أخيرا بتطوير علب بعلامات تجارية خاصة بـ«هيودي» التي هي شركة ناشئة جديدة مقرها في السحاب الإلكتروني، تتيح للفرق الرياضية التقاط الفيديوهات أثناء المباريات ومراجعتها، وكان أحد صحافي «بي بي سي» قد استخدم واحدة منها لتغطية مباريات كأس العالم في البرازيل. والتحدي الكامن في «آي أوغرافر» وملحقات الهواتف الذكية الأخرى المشابهة، هو أننا نقايض أحيانا الأداء وسهولة الاستخدام، بالحصول على معدات إنتاجية رخيصة صغيرة يمكننا حملها بجيوبنا.والمرة الأولى التي حاولت فيها وضع هاتفي في علبة «آي أوغرافر» فكرت بأنني قد أحطمه، فالأمر يتطلب كثيرا من الدفع والضغط للتأكد على أنه في الوضع الصحيح والأمين. وقد أكد لي باسيلتو أن العلبة مصنوعة من مزيج من البلاستيك المتين، ومع ذلك لم أتمكن من الشعور بالتردد والتراجع، كلما قمت بإدخال الهاتف في العلبة.وحال إدخال الهاتف في العلبة، فإنها توفر تجربة تصوير مسلية، فقد تمكنت من نصبها على سطح مستو من دون الحامل الثلاثي، ولكوني حصلت على قبضة واسعة عن طريق المقابض، فهذا ما مكنني من الحصول على درجة كبيرة من التحكم والسيطرة أثناء التصوير.والمواد المستخدمة في «آي أوغرافر» تساعد على جعلها خفيفة الوزن، وإن كانت الشركة الصانعة لا تعلن عن وزنها، لكن عن طريق ميزان المطبخ في منزلي، بلغ وزنها من دون ملحقاتها 3 أونصات (87 غراما)، ولكن لدى تركيب الضوء والميكروفون في العلبة، بدت وكأنها ثقيلة. وتعمل هذه العلبة فقط مع الهواتف العارية؛ مما يتوجب نزع كسائها الواقي قبل الاستخدام؛ وهو ما يشكل إزعاجا لدى التصوير أثناء التنقل والتجوال.ويقول باسيلتو إن الطلب على هذه العلبة يتنامى باستطراد، فمنذ نوفمبر (تشرين الثاني) باع منها 6000 وحدة. ويتوقع أن يبلغ العدد في نهاية العام الحالي 3 أضعاف هذا الرقم.* خدمة «نيويورك تايمز»","Technology"
"سماعات مطورة للمكاتب المنزلية ومكبر صوت بلوتوث بتصميم كلاسيكي ","Technology"
"إليكم بعض الأجهزة الصوتية الجديدة سماعات رأس مكتبية","Technology"
" مع تحول كثير من الموظفين إلى العمل من المنزل، استفادت شركة «جبرا» من التوقيت، وأطلقت أخيراً سماعة «إيفولف2 65» (Evolve2 65) المكتبية المدعمة بجميع الميزات التي قد يحتاج إليها المستخدم، وأبرزها نوعية الصوت الرائعة المضمونة لجهتي الاتصال.","Technology"
" ولطالما كانت «جبرا» رائدة في هذه الصناعة، بخدمة البطارية المتميزة التي تقدمها في سماعاتها، ولم يختلف الأمر هذه المرة مع «إيفولف2 65» التي تزود مستخدميها بـ37 ساعة من العمل بعد كل شحنة. وإذا كانت هذه المدة غير كافية لاجتماعاتكم، فهذا يعني أن اجتماعاتكم طويلة جداً.","Technology"
" وتتطلب الشحنة الكاملة استخدام الـUSB، وهي تضمن لكم 37 ساعة متواصلة من الاستخدام، نحو 90 دقيقة. ومع ميزة الشحن السريع، ستحصلون على 8 ساعات من الاستخدام بعد 15 دقيقة فقط من الشحن.","Technology"
" وتضمن لكم «إيفولف2 65» أفضل أداء في التلقي الصوتي، وهي مزودة بـ3 لاقطات (ميكروفونات) موضوعة في أماكن استراتيجية فعالة (واحد في غطاء الأذن اليمنى، واثنان في الذراع الصوتية المتحركة) لمشاركاتكم الشفهية.","Technology"
" وبالطبع، لا يمكن لـ«جبرا» أن تنسى أهم ميزاتها المتوفرة في جميع منتجاتها، أي الراحة، حيث تتناغم الوسادات الزبدية الطرية التي تغطي غطائي الأذنين من الداخل بشكل مريح مع الرأس، فتضمن لكم ارتداءها لساعات دون أي إزعاج.","Technology"
" وتحتوي السماعة على مكبرين صوتيين بمقاس 40 ملم، واحد لكل أذن، يضمنان لكم نوعية صوت رائعة في أثناء الاستماع إلى الموسيقى بفضل أعلى معايير الصفاء، وفي أثناء الاجتماعات الصوتية التي ستفهمون ما يحكى خلالها بكل وضوح.","Technology"
" ويساعد تصميم زاوية غطاء الأذن الذي اعتمدته «جبرا» في عزل الأصوات المزعجة، وفصلكم عن محيطكم.","Technology"
" وقد ارتديتُ السماعات في المنزل، وحوله في الخارج، وتعمدتُ تعريض نفسي لمختلف أنواع الأصوات المحيطة، فوجدتُ أن أداء ميزة عزل الضجيج كان ممتازاً.","Technology"
" ويسهل عليكم تطبيق «جبرا دايركت سوفتوير»، المرافق للسماعات، تخصيص إعدادات الموسيقى والاتصال، ويحافظ على جهوزية السماعة لأي تحديثات.","Technology"
" وفي عملي، لا أجري كثيراً من اتصالات المؤتمرات، ولكنني جربتُ السماعة في اتصال عبر تطبيق «زوم» مع بعض الأصدقاء الذين شعروا أنني يجب ألا أشاركهم ألعاب الفيديو، إذا استمررت في تعزيز أدائي بأحدث التجهيزات، مثل «إيفولف2 65»، ونوعية صوتها الرائعة.","Technology"
" وبعدها، أجريت اتصالاً عادياً، فبادر الطرف الآخر فوراً إلى سؤالي عما إذا كنتُ قد استبدلتُ هاتفي. عندها، شعرتُ أنني عرفتُ ما أريدُ معرفته عن السماعة ونوعيتها المميزة.","Technology"
" وهذه المرة، أضافت «جبرا» على منتجها الجديد خاصية فريدة تُعرف بـ«ضوء الانشغال» المدمج الظاهر للجميع. ويعمل هذا الضوء الأحمر المدمج في جهتي السماعة بشكل تلقائي، ويمكن رصده من أي جهة، ويهدف إلى إعلام أي شخص موجود في المكان نفسه بأنكم تجرون اتصالاً كي لا تتمّ مقاطعتكم لأي سبب. ويمكنكم أيضاً تشغيل الضوء يدوياً بكبسة زر.","Technology"
" وتضمن لكم السماعة مزاوجة بلوتوث سهلة، ومع جهاز مختلف في كل مرة. وتجدر الإشارة إلى أن «إيفولف2 65» حاصلة على ترخيص لاستخدامها مع تطبيق «مايكروسوفت تايمز».","Technology"
" وتتوفر السماعة بالإصدارات التالية: ستيريو (249 دولاراً) ومونو (239 دولاراً). ويمكنكم أيضاً شراء منصة شحن خاصة بها مقابل 50 دولاراً إضافية، على أن تختاروا بين اتصالي (USB-C) و(USB-A).","Technology"
" بتصميمه الكلاسيكي الجذاب، يعيدكم مكبر الصوت البلوتوث من «إلكتروهوم بيرمينغهام» (Electrohome Birmingham›s retro Bluetooth speaker) إلى العصر الذهبي لموسيقى الروك آند رول، حتى أنه قد يذكركم بأنظمة الستيريو العالية الجودة التي كان يملكها أجدادكم.","Technology"
" وقد يعود بكم تصميم هذا المكبر الصوتي بالزمن إلى الوراء، ولكن خصائصه الصوتية متطورة عصرية، حيث إنه يتميز بصوت هادر يناسب أي لائحة أغاني قد تستمعون إليها، فضلاً عن أنه يتيح لكم تشغيل أي خدمة موسيقية بواسطة اتصال البلوتوث من الهاتف أو الجهاز اللوحي أو الكومبيوتر. ويأتي هذا الجهاز (9.5 بـ13.4 بـ7.1 بوصة) بتصميم خشبي يدوي الصنع، مزود بقبضة مثبتة في أعلاه. وينتج الجهاز الصوت من الداخل بفضل محركات مزدوجة (4 بوصة) مزودة بمضخم صوتي (باستجابة ترددية تتراوح بين 60 هرتز و20 كيلو هرتز).","Technology"
" ولتعزيز كلاسيكية التصميم، يضم المكبر في واجهته ضوابط تحكم على شكل مقابض لتعديل الموسيقى والطاقة والصوت. كما يضم منفذاً مساعداً بقطر 3.5 ملم للاتصال المباشر، ومنفذ (USB) للشحن لوصل سلك أي جهاز ترغبون بشحنه.","Technology"
" ويعمل جهاز «برمينغهام» كمكبر صوت بلوتوث بالدرجة الأولى، ولكنه يضم أيضاً ميزة فريدة خاصة بعازفي الغيتار. لذا، في حال كنتم من هواة العزف على الغيتار، يمكنكم وصله بالمكبر عبر المنفذ المدمج، وتخصيص الصوت الحي حسب رغبتكم، بواسطة ضوابط التحكم بالصوت.","Technology"
" سعر المنتج عبر موقع الشركة الإلكتروني: 149 دولاراً.","Technology"
"«أبل» تكشف عن ساعات بخصائص طبية نوعية ","Technology"
"في الوقت الذي كان ينتظر أن تكشف شركة أبل فيه النقاب عن هاتفها الجديد «الأيفون 12» في المؤتمر السنوي الذي ينعقد كل عام في شهر سبتمبر (أيلول) والذي اعتادت أن تطلق فيه الهاتف الجديد منذ النسخة الخامسة في 2012، كشفت عملاق صناعة التقنية الأميركية النقاب عن النسخة السادسة من ساعتها «أبل وتش» مع مستشعر الأكسجين في الدم للمساعدة في الكشف عن علامات «كوفيد 19»، إلى جانب إصدارات جديدة من جهازها اللوحي «أيباد» وباقات اشتراكات «أبل ون» وخدمة اللياقة البدنية في خطوة لطرح منتجات جديدة لتعتمد عليها كمحرك للنمو في ظل تشبع سوق الهواتف المحمولة.","Technology"
"  ساعة «وتش سيريس 6». تواصل «أبل» دعم منتجاتها في الحفاظ على الصحة العامة للمستخدمين حيث كانت الخاصية الأبرز للنسخة السادسة من الساعة، تتمثل في جهاز مراقبة الأكسجين في الدم، وذلك من خلال سلسلة من أجهزة الاستشعار لقياس الضوء المنعكس على دم مرتديها.","Technology"
" وتستخدم مستويات الأكسجين في الدم عادةً كمقياس للياقة البدنية وصحة القلب، لكن الشركة قالت إنها ستحقق أيضًا فيما إذا كان المؤشر بالإضافة إلى مراقب معدل ضربات القلب من «أبل وتش» فإنه يمكن استخدامه أيضاً للكشف عن العلامات المبكرة للإنفلونزا و«كوفيد 19».","Technology"
" وتقول «أبل» إن «وتش سيريس 6» تقدم أداءً معززاً من خلال مكونات بتصميم جديد وخاصيات أكثر، وقوة في الأداء، حيث تقدم شريحة «إس 6» المحدثة بنظام دوائر متكاملة مجمعة، والتي تستخدم معالجاً جديداً ثنائي النواة يستند إلى شريحة «بيونك إيه 13» في «أيفون 11»، أداءً أسرع بنسبة 20 في المائة، ما يسمح بتشغيل أسرع للتطبيقات بنسبة 20 في المائة أيضاً، بينما تحافظ على عمر البطارية نفسه الذي يدوم 18 ساعة.","Technology"
" وتتضمن الساعة الجديدة أيضاً شريحة «يو1» وهوائيات بنطاق فائق العرض، والتي تمنح موقعاً لا سلكياً قصير المدى لدعم تجارب جديدة، مثل الجيل الجديد من مفاتيح السيارة الرقمية، كما تقدم شحناً أسرع، من خلال شحنة كاملة في أقل من 1.5 ساعة، بالإضافة إلى عمر بطارية معزز لتتبع تمارين معينة، مثل تمارين الركض الداخلية والخارجية.","Technology"
"  ساعة «إس إيه». أطلقت «أبل» أيضًا ساعة ذكية منخفضة التكلفة، لتوسيع نطاقها حيث سعت إلى جعل «أبل وتش» أول جهاز محتمل للأطفال، حيث تبلغ تكلفة ساعة «إس إيه»، وهي المرة الأولى التي تطلق فيها ساعة أرخص إلى جانب طراز جديد بسعر يبدأ من 279 دولارا، حيث أشارت الشركة إلى أن الأطفال سيكونون قادرين على استخدام الساعة بدون جهاز أيفون مصاحب، مع قدرة الآباء على مراقبة موقعهم والتحكم فيمن يمكنهم التواصل معهم.","Technology"
" ساعة «إس إيه» بشاشة «ريتنا» بحواف نحيفة وزوايا مدورة، وهي أكبر من شاشة النسخة الثالثة بنسبة 30 في المائة، كما تسمح الواجهة باستخدام أيقونات وخطوط كبيرة وسهلة القراءة للتطبيقات، وتتضمن شريحة «إس5» بنظام دوائر متكاملة مجمعة مع معالج ثنائي النواة لتقدم أداء سريعا، كما تأتي بأحدث مكبر صوت وميكروفون، تم تحسينهما لمنحك جودة صوت أعلى عند إجراء المكالمات الهاتفية.","Technology"
"  أجهزة «أيباد». أعلنت أبل في مؤتمرها الأخير والذي عقد افتراضياً بسبب جائحة كورونا عن إصدارات أرخص وأقوى من جهاز الأيباد اللوحي، بتصميم جديد يضع مستشعر بصمات الأصابع في زر الطاق، وارتفعت مبيعات الأيباد بنسبة 31 في المائة، وهو أكبر عدد من أي من منتجاتها، في الأشهر الثلاثة حتى نهاية يونيو (حزيران) الماضي.","Technology"
" وأصدرت أبل «أيباد إير» جديداً كلياً، وقالت إنها النسخة الأقوى من هذا الطراز والأكثر تعدداً في الاستخدامات والذي يأتي بخمسة ألوان خلابة، مع شاشة «لوكيد ريتنا» مقاس أكبر - 10.9 إنش- وتحديثات في الكاميرا والصوت، وشريحة «بيونك إيه 14» القوية التي تحقق قفزة هائلة في أداء الجهاز.","Technology"
" يأتي «أيباد إير» الجديد بتصميم جديد نحيف وخفيف الوزن يوفر تجربة بصرية مذهلة، بفضل 3.8 مليون بكسل والتكنولوجيا المتطورة، إذ تأتي الشاشة مصفحة بالكامل، بالإضافة إلى دعم مجموعة ألوان كبيرة، وكاميرا محدثة وصوت جديد.","Technology"
" كما كشفت عن إصدار جهاز «أيباد» اللوحي الجيل الثامن الذي يتميز بشريحة «بونيك إيه 12» القوية التي توفر المحرك العصبي لأول مرة في أجهزة أيباد من المستوى الأساسي. ويأتي هذا الإصدار، الذي يتوفر ابتداءً من 329 دولارا ويضيف قيمة أكبر إلى جهاز الأيباد بسعر المعقول.","Technology"
"  خدمة «أبل ون». وضمن خطوة لتوفير التكنولوجيا كاملة في قلب الحياة الرقمية للأفراد، حيث كشفت أبل النقاب عن اشتراك شهري شامل. سيتقاضى اشتراك «أبل ون» 29.95 دولار لمجموعة من الخدمات مثل أبل ميوزك و«أبل تي في» والأخبار وبرامج لياقية تم الإعلان عنها حديثًا وغيرها، حيث يعتقد أنها منتجات مصممة لزيادة الإيرادات من خارج «أيفون».","Technology"
" و«أبل ون» عبارة عن اشتراك يجمع خدمات متعددة معًا، يتضمن التسليم والفيديو والتخزين عبر الإنترنت، والفيديو عبر الإنترنت، والألعاب، وتخزين أي كلاود، مع إصدارات أكثر تكلفة بما في ذلك الاشتراك في الأخبار والمجلات، فضلاً عن عرض فئة اللياقة البدنية الافتراضية التي تم إطلاقها حديثًا. كما جددت الإعلان عن النسخة الجديدة من نظام تشغيل «أي أو إس 14» وإمكانية إضافته على الهاتف المحمول منذ أيام.","Technology"
"ملحقات تقنية لتطوير ممارسة الأنشطة الرياضية المختلفة  ","Technology"
"تستطيع استخدام كثير من التقنيات الحديثة، مثل الكومبيوترات الشخصية والهواتف الجوالة والأجهزة اللوحية والبرامج المختلفة، ولكن يمكن تطوير تجربة الاستخدام من خلال كثير من الملحقات التقنية التي تطلقها الشركات، والتي تقدم وظائف ممتدة مريحة للمستخدمين. ومن الملحقات الرياضية الجديدة سماعات لاسلكية وساعة من «سامسونغ» قامت «الشرق الأوسط» باختبارها وتجربتها، ونذكر ملخص التجربة.","Technology"
"  الملحق الرياضي الأول هو سماعات «سامسونغ غير آيكون إكس» (Gear IconX)، التي طورت فيها الشركة عمر البطارية والأداء اللاسلكي مقارنة بالجيل السابق الذي أطلق العام الماضي. وبالحديث عن الفروقات مقارنة بالإصدار السابق، فإن حجمها أصبح أصغر قليلاً وانخفض وزنها بعض الشيء، وهي تدعم تقنية الشحن السريع وتستخدم بطارية بقدرة 82 مللي أمبير في الساعة لكل سماعة. وتقدم السماعات 4 غيغابايت من السعة التخزينية المدمجة، مع القدرة على تشغيل الموسيقى مباشرة منها أو من خلال هاتف المستخدم باستخدام تقنية «بلوتوث» اللاسلكية.","Technology"
"  وتدعم السماعات تقنية الشحن السريع، بحيث يمكن شحنها لمدة 10 دقائق لاستخدامها لمدة ساعة كاملة، ويمكن شحن البطارية بالكامل لاستخدامها لمدة 7 ساعات للمحتوى الصوتي الداخلي أو لغاية 5 ساعات من تشغيل المحتوى الصوتي اللاسلكي من الهاتف، مقارنة بنحو ساعتين للإصدار السابق. ويمكن ربط السماعات ببرنامج «سامسونغ غير» على الهواتف الجوالة للتعرف على درجة شحن كل سماعة وعزل الأصوات الخارجية والتحكم بدرجة ارتفاع الصوت، وغيرها من الوظائف الأخرى.","Technology"
"  ويمكن التفاعل مع السماعات بملامسة إصبع المستخدم لسطحها وهي في أذنه، ذلك أنها تستخدم مستشعراً للمس للتنقل بين المحتوى الصوتي والرد على المكالمات والتحكم بدرجة ارتفاع الصوت. وتستخدم السماعات حافظة لنقلها وشحنها من خلال بطارية مدمجة في الحافظة تبلغ قدرتها 340 مللي أمبير في الساعة، ويمكن معاودة شحنها من خلال منفذ «يو إس بي تايب - سي».","Technology"
"  جودة الصوتيات جيدة جداً وواضحة، وهي أفضل من غالبية السماعات اللاسلكية الأخرى الموجودة اليوم. ويمكن استخدام السماعات للاستماع إلى صوتيات عروض الفيديو أثناء مشاهدتها على هاتف المستخدم، ذلك أن زمن نقل الصوتيات ومعالجته منخفض جداً ولا يتأخر عن توقيت عرض الصورة. وتجدر الإشارة إلى أن هذه التجربة قد تختلف من هاتف لآخر، وفقاً لقدرته على معالجة الصوت والصورة ونقل البيانات لاسلكياً بالسرعة الكافية.","Technology"
"  وتوضع السماعات في الأذن وتسمح للمستخدم بالتفاعل مع مساعد «سامسونغ» الشخصي «بيكسبي»، لتقديم ملخصات صوتية في أذنه حول مستويات أدائه الرياضي أثناء الجري. وستراقب السماعات تحركات المستخدم أثناء المشي أو الركض من خلال تطبيق المدرب الشخصي «سامسونغ هيلث»، ولكنها لا تحتوي على مستشعر لقياس معدل نبضات القلب. ويمكن استخدام السعة التخزينية المدمجة لتشغيل الموسيقى دون الحاجة لحمل الهاتف، مثل أثناء ممارسة التمارين الرياضية. وتستطيع السماعات معاينة المسافة المقطوعة والفترة الزمنية لممارسة التمارين والسرعة، وغيرها من المعلومات المهمة للمستخدم. وسيستفيد الهواة من النصائح الرياضية أثناء ممارسة التمارين، مثل تغيير إيقاع الجري بعد مرور فترة معينة، والبدء بسرعات معتدلة ومن ثم رفعها مع مرور الوقت، وعدم بذل مجهود كبير في بداية التمارين لتلافي الإرهاق بسرعة، وغيرها. ويمكن تفعيل سماعة واحدة وإيقاف الثانية أثناء ممارسة الرياضة في حال رغب المستخدم في الاستماع إلى البيئة من حوله، وذلك من خلال إعداد خاص في التطبيق على الهاتف الذكي.","Technology"
"  السماعات متوافرة بألوان الأسود والرمادي والوردي، ويبلغ وزن كل سماعة 6 غرامات، ويبلغ سعرها 200 دولار أميركي.","Technology"
"  وعلى خلاف كثير من الساعات الأخرى، تضع ساعة «سامسونغ غير سبورت» (Gear Sport) ممارسة الرياضة في أعلى أولويات وظائفها، مع تقديم ذلك في تصميم جميل وعملي. وتستهدف الساعة الجديدة محبي ممارسة الرياضة ومراقبة الصحة، إذ إنها تتبع السعرات الحرارية المحروقة وتقدم تطبيقات للمساعدة في التمارين الرياضية وتتبع تحركات المستخدم أثناء المشي أو الركض وتدعم مستشعر نبضات القلب، وتراقب نشاطاته الرياضية، مثل السباحة (الساعة مقاومة للمياه لعمق 50 متراً) والهرولة وركوب الدراجة الهوائية، وغيرها، وتدعم الساعة معرفة ارتفاع المستخدم عن سطح الأرض (أثناء الجري في التلال أو الجبال).","Technology"
"  تصميم الساعة دائري مع تقديم عجلة تحكم على الشاشة، وسوار بتصميم رياضي، وهي تدعم تقنيات «بلوتوث 4.2» و«واي فاي» اللاسلكية، بالإضافة إلى دعم تقنيات الملاحة الجغرافية «جي بي إس» للخرائط الرقمية. ويبلغ قطر الشاشة التي تعمل باللمس 1.2 بوصة، وهي تعرض الصورة بدقة 360x360 بكسل، وتعمل بتقنية «سوبر أموليد» وتستخدم زجاجاً مقاوماً للخدوش من صُنع «غوريلا غلاس 3». وتستخدم الساعة معالج «إكزينوس 3250» ثنائي النواة بسرعة 1 غيغاهرتز، وذاكرة تبلغ 768 ميغابايت، مع تقديم سعة تخزينية مدمجة تبلغ 4 غيغابايت. وتبلغ قدرة البطارية المدمجة 300 مللي أمبير، وهي تستطيع العمل لمدة 4 أيام (دون استخدام ميزة الملاحة الجغرافية «جي بي إس» للخرائط)، أو لمدة 14 ساعة من استخدامها مع ميزة الخرائط الملاحية، ويمكن شحنها لاسلكياً من خلال شاحن خاص بها، وشحن البطارية بالكامل في نحو 3 ساعات. وتستخدم الساعة نظام التشغيل «تايزن 3.0» الخاص بشركة «سامسونغ» وهي تدعم المساعد الشخصي «بيكسبي». الساعة متوافرة باللونين الأزرق والأسود، ويبلغ وزنها 67 غراماً، ويبلغ سعرها 200 دولار أميركي.","Technology"
"ساعة «هواوي جي تي» الجديدة... مزايا ونقائص ","Technology"
"بعد نجاح ساعة «هواوي ووتش 2» التي أطلقتها الشركة في 2017، أعلنت «هواوي» عن آخر ابتكاراتها في مجال الساعات الذكية، بإصدارها لساعة «هواوي جي تي» والتي تميزت بالفخامة والأناقة الكلاسيكية مع إمكانيات هائلة في مجال تعقب اللياقة البدنية وعمر بطارية يدوم لغاية أسبوعين.","Technology"
" تحمل الساعة طابع تصميم كلاسيكيا دائريا جميلا وهيكلا من الفولاذ المقاوم للصدأ مع أطراف من السيراميك المقاومة للخدوش وأسورة من المطاط أو الجلد على حسب النسخة، فالنسخة الكلاسيكية يزينها سوار جلدي، أما الرياضية فتأتي بسوار مطاطي مقاوم للتعرق والبلل. وعلى الجهة اليمنى من الساعة يبرز زرا التحكم للمساعدة في تشغيل النظام والمزايا الداخلية. أما في الأسفل فنجد وصلتي الشحن وعدة مجسات استشعار لقراءة معدل نبضات القلب ونمط النوم والسرعة والارتفاع وغيرهم. ورغم هذا التصميم العصري الرائد والخامات العالية الجودة، فإن الساعة كانت خفيفة الوزن بحيث لا تتعدى الـ46 غراماً من دون السوار.","Technology"
" ولأن «هواوي» أرادت أن تكون الساعة برفقتنا طول الوقت فقد زودت الساعة بتصميم مضاد للماء بمعيارية 5ATM أي بمعنى آخر، أن الساعة بإمكانها أن تصمد لغاية 50 متراً تحت الماء.","Technology"
" من المميز في التصميم أن الساعة متوافقة مع أسورة الـ22مم أي أنه يمكن استعمال أي من أسورة ساعاتك الذكية مع ساعة «هواوي جي تي» دون الحاجة لشراء أسورة خاصة.","Technology"
" وتحمل الساعة شاشة من نوع «أموليد» بقياس 1.39 بوصة بدقة 454x454 بكسل محمية بطبقة زجاجية صلبة، وتعتبر من أفضل الشاشات وضوحاً وسطوعاً في عالم الساعات الذكية، خصوصاً تحت أشعة الشمس خصوصاً إذا ما قورنت بشاشة ساعة غالاكسي ووتش ذات الشاشة 1.3 بوصة وبدقة 360x360.","Technology"
" وستتوفر الساعة بعدة ألوان، هي الأسود والأبيض والفضي والبني والأخضر. وستباع بسعر 230 دولاراً للنسخة الرياضية و290 دولاراً للنسخة الكلاسيكية.","Technology"
" وفي خطوة جديدة من نوعها، يوجد بالساعة معالجان، أحدهما بتردد منخفض والآخر بمواصفات وتردد قوي. والفكرة هي أنه في حال النوم أو الجلوس يقوم المعالج المنخفض بتشغيل الساعة ليحافظ على عمر البطارية بينما يشتغل المعالج الأقوى بمجرد تحركك أو بدء نشاطك الرياضي.","Technology"
" ولتحديد مكانك بدقة تدعم الساعة ثلاث أنواع لتحديد المواقع وهي «جي بي اس» GPS و«غلوناس» GLONASS (نظام الملاحة التابع للحكومة الروسية) و«غاليلو» GALIEO) نظام الملاحة الأوروبي) والتي تعمل جميعها في نفس الوقت لكي تحدد مكانك بكل دقة بغض النظر عن البلد الذي أنت فيه.","Technology"
" وتأتي الساعة بنظام تشغيل جديد طورته «هواوي» وأسمته بـ«لايت أو إس» Lite OS لتتخلى عن نظام تشغيل «غوغل» WearOS الذي استعملته في ساعة «هواوي ووتش 2» العام الماضي؛ ولتكون ضربة جديدة لنظام «غوغل» للملبوسات حيث يقبع الآن في مرتبة متأخرة من ناحية الحصة السوقية خلف كل من «آبل» و«فيت بت» و«سامسونغ» و«غارمين». ويدعم هذه النظام توصيل الساعة بهواتف أندرويد وآيفون على حد سواء.","Technology"
" ومن أهم مزايا النظام هو تمكين الساعة من الاستمرار لمدة أسبوعين كاملين والذي لم تكن «هواوي» لتحصل عليه إذا ما اعتمدت على نظام غوغل للملبوسات. ولأن النظام حديث، فهو يفتقد إلى كثير من الخصائص التي تحظى بها الأنظمة الأخرى كنظام تايزن مثلاً الذي طورته «سامسونغ» لساعاتها الذكية.","Technology"
" وعلى سبيل المثال فإن نظام الإشعارات محدود جدا فلا تستطيع التفاعل مع الرسائل ولا الرد على المكالمات ولا حتى مسح هذه الإشعارات من على الهاتف. أيضاً تأتي الساعة بخلفيات محددة Watch Faces ولا تستطيع تحميل أي خلفيات جديدة لأن نظام التشغيل لا يدعم تطبيقات الطرف الثالث. كما لا تدعم الساعة تحميل أي تطبيق حيث لا يوجد متجر مخصص لنظام لايت أو أس بعد. أيضاً لا تدعم الساعة أي من تقنيات الدفع الإلكتروني ولا تحتوي على ذاكرة داخلية لتخزين المقاطع الصوتية كما هو الحال في الساعات المنافسة.","Technology"
" وتدعم الساعة سيناريوهات تمرينات مختلفة وتسجيل التمرينات في الهواء الطلق كالتسلق والجري والسباحة أو في الأماكن المغلقة كالنادي الرياضي. أيضاً، طورت «هواوي» نظام تدريب علمي حيث تعمل الساعة وكأنها مدرب شخصي يرشد المستخدم للقيام بتمارين معينة على حسب مستواه من اللياقة البدنية، بالإضافة إلى ذلك تحديد المواقع ومراقبة معدل نبضات القلب التي تعتبر من أهم مزايا الساعة.","Technology"
" وبمقدور الساعة مراقبة دقات قلبك لحظياً Realtime عن طريق تقنية ترو سيين TrueSeen 3 على عكس معظم الساعات المنافسة والتي تستوجب على الأقل دقيقة لتقوم باستشعار النبضات من جديد. وبما أن النوم جانب مهم لصحة الإنسان، فالساعة تدعم نظام ترو سليب TrueSleep2 الذي يتحقق من كفاءة نومك ويراقب جسمك خلال الليل ليعطيك بالنهار تقريراً كاملاً عن نومك، بل ويعطيك لغاية 200 اقتراح لتنعم بنوم عميق وصحي. ووفرت الشركة تطبيق «هواوي هيلث» Huawei Health لتحصل على تجربة مميزة وتفاصيل أكثر لنشاطاتك وتحركاتك ونومك وليكمّل الساعة التي عادة ما تعرض تقارير بسيطة.","Technology"
" من أهم مميزات الساعة مقارنة بمنافسيها في السوق طول عمر بطاريتها الذي يصل إلى أسبوعين حتى مع تفعيل مجس استشعار القلب الدائم وميزة تحديد المواقع. أيضاً يمكن أن تدوم الساعة لغاية 30 يوماً في حال تعطيل كل المجسات وإبقاء وضع الساعة والإشعارات والمنبهات فقط. أما في الوضع النشط جداً ومع التشغيل الدائم لكل المجسات فالساعة تستطيع الصمود لغاية 22 ساعة متواصلة. وبصفة عامة، فهذه بالفعل أرقام مذهلة، خصوصاً إذا ما علمنا أن ساعة «آبل ووتش 4» تحتاج للشحن يومياً بينما تحتاج ساعة «سامسونغ غالكسي ووتش» للشحن كل أربعة أيام.","Technology"
" والخلاصة، أنه وبصفة عامة وجدنا أن الساعة دقيقة جداً في تتبع النشاطات الرياضية وأنماط النوم وتحسس نبضات القلب، إلا أن نظام التشغيل لايت أو إس لا يقوم فقط إلا بالأساسيات كعرض التوقيت والإشعارات، ولا يرقى بالساعة لأن تكون ساعة ذكية منافسة في سوق يوجد بها ساعات متقدمة جداً مثل «آبل ووتش» و«غالكسي ووتش».","Technology"
"تطبيقات جديدة  ","Technology"
"اخترنا لكم في هذا العدد قفلا متقدما يعمل ببصمة إصبع المستخدم، بالإضافة إلى تطبيقات مختلفة للأجهزة الجوالة، منها تطبيق لاستكشاف علوم المحيطات للأطفال، وآخر لتسهيل الوصول إلى التطبيقات المختلفة واستخدام الهاتف بيد واحدة، بالإضافة إلى تطبيق يتخصص بتحميل عروض الفيديو من المواقع والشبكات الاجتماعية المختلفة.","Technology"
"  - قفل بالبصمةوتستطيع الحصول على قفل إلكتروني صلب ومتقدم اسمه «آي فنغرلوك فنغربرينت بايومترك بادلوك» iFingerLock Fingerprint Biometric Padlock للمزيد من الحماية لمقتنياتك في الخزائن العامة (مثل المدارس والأندية الرياضية، وغيرها). وسيحدّ هذا القفل من احتمال سرقة الخزائن بشكل كبير نظرا لأنه لا يمكن فتحه بأي مفتاح تقليدي، بل من خلال وضع بصمة إصبع المستخدم على المستشعر المدمج في القفل الذي يعمل من خلال بطاريتين صغيرتين. وسيخبر القفل المستخدم في حال انخفاض شحنة بطاريته والحاجة لاستبدالها. ويبلغ سعر القفل 115 دولارا، ويمكن الحصول عليه من المتاجر الإلكترونية.","Technology"
"  - استكشاف المحيطات للأطفالسيساعد تطبيق «سبلاش آند بابلز فور بيرنتس» Splash and Bubbles for Parents المجاني على الأجهزة التي تعمل بنظام التشغيل «آندرويد» و«آي أو إس» الأطفال على استكشاف علوم المحيطات من خلال عروض فيديو ونصوص تشدهم إلى التعرف على هذا العالم بطريقة كرتونية لطيفة، ذلك أن التطبيق مشتق من برنامج الرسوم المتحركة بالاسم نفسه على شبكة القنوات التلفزيونية PBS KIDS. ويمكن استخدام التطبيق كشاشة إضافية أثناء مشاهدة البرنامج الكارتوني على التلفزيون من خلال مزامنة الحلقة، حيث يمكن الضغط على زر «المزامنة» Sync أثناء مشاهدة حلقة من البرنامج، ليفتح التطبيق دليل الحلقات لعرض الكلمات والمفردات وعروض الفيديو والموسيقى والشخصيات والأسئلة للمساعدة في التحدث عن العلوم مع الطفل. ويقدم التطبيق أكثر من 100 مقطع صوتي ومرئي من البرنامج التلفزيوني، مع توفير القدرة على مشاهدة عروض المحيطات وغيرها. ويتضمن التطبيق دليل حقائق ممتع يعرض صورا حقيقية للأسماك والحيوانات التي تعيش في المحيطات وبيئتها، بالإضافة إلى الأنشطة العملية التي تشجع على تعلم العلوم واكتشافها في العالم الحقيقي. ويمكن تحميل التطبيق من متجري «غوغل بلاي» و«آيتونز» الإلكترونيين.","Technology"
"  - وصول سريع للتطبيقاتوصول سريع للتطبيقات واستخدام الهاتف بيد واحدة. من مزايا نظام التشغيل «آندرويد» أنه يسمح بتعديل واجهة الاستخدام بطرق مختلفة، وخصوصا من خلال تطبيقات متخصصة تحول تجربة الاستخدام إلى أخرى مختلفة كليا، وبكل سهولة. اسم هذه الفئة من التطبيقات «لونشر» Launcher، ونذكر منها تطبيق «نياغرا» Niagara المجاني على الأجهزة التي تعمل بنظام التشغيل «آندرويد»، والذي يعتبر شاشة رئيسية جديدة تحتوي على واجهة استخدام بسيطة. ومن خلال تصميمه السلس، يمكن للمستخدم تشغيل التطبيقات بسرعة أكبر واستخدام الهاتف بيد واحدة بسبب قدرته على تصغير أحجام الخطوط والأيقونات، الأمر المفيد لدى حمل هاتف كبير أو لذوي الأصابع الصغيرة. ويستطيع التطبيق ترتيب التطبيقات على الهاتف في قائمة مرتبة أبجديا أو حسب الأكثر استخداما.ويقدم التطبيق كذلك ميزة معاينة الإشعارات التي تسمح للمستخدم قراءة الرسائل الواردة مباشرة على شاشته الرئيسية والاطلاع على الإشعارات بالكامل. كما يدعم التطبيق حظر الرسائل غير المرغوب بها، والتي تشمل الإعلانات والإشعارات التي يصعب إزالتها من قائمة التنبيهات، بالإضافة إلى قدرته على إخفاء التطبيقات مسبقة التثبيت على الهاتف والتي لا يتم استخدامها على الإطلاق، وذلك بهدف الحصول على شاشة رئيسية جميلة ومرتبة. ويمكن تحميل التطبيق من متجر «غوغل بلاي» الإلكتروني.","Technology"
"  - تحميل الفيديو إلى الجوالبإمكانك تحميل عروض الفيديو من مختلف المواقع والشبكات الاجتماعية إلى هاتفك الجوال من خلال تطبيقات مختلفة، نذكر منها تطبيق «سنابتوب» Snaptube المجاني على الأجهزة التي تعمل بنظام التشغيل «آندرويد»، والذي يسمح بتحميل عروض الفيديو من شبكات «فيسبوك» و«يوتيوب» و«إنستغرام»، بالإضافة إلى دعم الكثير من المواقع الأخرى التي تحتوي على محتوى مرئي. تصميمي التطبيق بسيط وجميل وسهل للاستخدام، مع قدرته على تحميل العروض بامتداد MP3 الصوتي وتحميل قائمة الفيديوهات Playlist كاملة من «يوتيوب»، بالإضافة إلى تقديمه لمتصفح إنترنت مدمج لتسهيل الوصول إلى عروض الفيديو المرغوبة. وبعد تثبيت وتشغيل التطبيق، ستظهر أمام المستخدم شاشة تعرض مواقع مشهورة لتحميل العروض منها، مع اقتراح عروض فيديو. وتعرض الشاشة في الأسفل الملفات التي قام المستخدم بتحميلها والاشتراكات في الحسابات المختلفة. ويكفي نسخ رابط الفيديو المرغوب ولصقه في قائمة البحث ليظهر أمام المستخدم سهم باللون الأصفر يجب النقر عليه واختيار الدقة المرغوبة واسم الملف والمجلد الذي سيتم حفظه فيه للبدء بعملية التحميل. التطبيق غير متوافر في متجر «غوغل بلاي» لأنه يخالف سياسة «غوغل» حول تحميل عروض الفيديو من المواقع والشبكات الاجتماعية، ولكنه متوفر للتحميل من موقع الشركة المطورة www.snaptubeapp.com","Technology"
"2020 عام اللابتوب {الرائع} و {المتفوق} ","Technology"
"يبدو أنّ عام 2020 سيكون عاماً رائعاً لأجهزة اللابتوب، لا سيما أن شركتي «آي إم دي». وإنتل تتصارعان على ريادة مجال وحدات المعالجة المركزية، وتطوير وحدات نقّالة وصغيرة لمعالجة رسوميات ستساهم في تصميم لابتوبات أرقّ حجماً، وأخفّ وزناً، وأكثر سرعة لمحبّي الألعاب الإلكترونية، بالإضافة إلى تطوير البطارية - الحلم التي لا تتعب أبدا!","Technology"
" وفيما يلي، يستعرض الخبراء في «بي سي وورلد» أحدث المؤشرات التي طرحها معرض إلكترونيات المستهلكين عن اللابتوبات وجديدها.","Technology"
" - من المرجّح أن تشكّل وحدة المعالجة المركزية النقّالة «رايزن 400» من شركة «إيه إم دي». والتي أُعلن عنها في المعرض الخبر الأهمّ في عالم اللابتوبات لعام 2020، فبعد سنوات من إنتاج الرقائق التي لا ترقى إلى مستوى التوقّعات، سيقدّم الجيل الجديد من وحدات المعالجة المركزية 7 نانوميترات من الفعّالية ومزيداً من النُّوى. وفي ظلّ توفّر 100 جهاز لابتوب حاضر لتشغيل وحدات المعالجة المركزية الجديدة، يمكن القول إنّ «آي إيه إم دي». قد سبقت جميع منافسيها إلى صدارة هذه الفئة. ولكن يبقى أن نعرف المزيد عن خدمة البطارية لا سيما أنها من مواطن الضعف التي واجهتها الشركة في منتجاتها السابقة.","Technology"
" - رأينا أيضاً في المعرض الإلكترونيات الاستهلاكية جهاز «لاتيتود 9510»، أوّل لابتوب مزوّد باتصال الجيل الخامس من ديل التي قدّمت شرحاً مفصّلاً يستعرض تحدّي ضبط الهوائيات التي يحتاجها اتصال الجيل الخامس في الكومبيوتر النقّال. ومن الواضح أنّ أولى لابتوبات الجيل الخامس ستكون على مستوى عالٍ من التطوّر ما سيسهّل على المستهلكين استيعاب الكلفة العالية للأجهزة.","Technology"
" - عادة، لا نقيّم الكثير من اللابتوبات المكتبية، ولكنّنا لم نفوّت الاطّلاع على جهاز «إيليت دراغونفلاي» من «إتش بي». (سعره 2100 دولار) الذي لا يشبه أجهزة الكومبيوتر العمليّة المملّة أبداً. إذ يتميّز هذا اللابتوب بتصميم رقيق، وخفيف الوزن، مع عدد هائل من الميّزات، وهيكل مقاوم لآثار البصمات بلون أزرق أنيق.","Technology"
" - «بيكسل بوك غو» من غوغل (متوفّر عبر موقع الشركة الإلكتروني)، وينتمي إلى فئة أجهزة الكروم بوك العالية الأداء والمقبولة السعر، ما جعله خيارنا المفضّل في هذه الفئة. لذا، في حال كنتم من الملتزمين بخيار الكروم بوك، لا تتردّدوا في شراء هذا الجهاز الذي يستحقّ كلّ ما ستنفقونه عليه.","Technology"
" - أفضل لابتوب رقيق وخفيف الوزن. «إكس بي إس 13 7390» من ديل XPS 13 7390. السعر: 1620 دولارا.","Technology"
" نعم، في عام 2020 أصبح بإمكانكم الاستمتاع بالأداء العالي وخفّة الوزن في لابتوب واحد، وجهاز «إكس بي إس 13 7390» الجديد من ديل هو خير مثالٍ على ذلك، فبفضل وحدة معالجته المركزية «إنتل كور» i7 - 10710U السداسية النواة، نجحت هذه الآلة الرقيقة والخفيفة (المتوفّرة عبر موقع الشركة) في التفوّق على أعتى الموديلات وأقواها.","Technology"
" لكن لابتوب ديل الجديد ووحدة معالجته المركزية لن يتفوّق على الكومبيوترات المكتبية المستخدمة في الشركات والتي تحتوي على نواة «كور i7 - 9750H» المتطوّرة والخارقة السرعة. ولكنّه يبقى طبعاً اللابتوب الخفيف الأوّل الذي سيمنحكم أداءً أفضل من اللابتوبات القديمة والثقيلة التي تعمل بوحدة معالجة مركزية من الجيل السابع، كأجهزة XPS 15. والأكيد طبعاً أنّ مزيج الأداء المتفوّق مع قابلية الحمل الذي يقدّمه «إكس بي إس 13 7390» لم نسمع به قبل أوائل هذا العام.","Technology"
"  أفضل لابتوب دون 500 دولار «إيسر أسباير 5 A515 - 54 - 51DJ» Acer Aspire 5 A515 - 54 - 51DJ. السعر: 486.85 دولار.","Technology"
" إذا كنتم تبحثون عن لابتوب رباعي النواة غير مكلف بسماكة أقلّ من ثلاثة أرباع البوصة، لا تتردّدوا في شراء «إيسر أسباير 5 A515 - 54 - 51DJ». يقدّم لكم هذا اللابتوب قوّة أكبر من حاجتكم لإتمام مهامكم اليومية بأداء نواته الرباعية المتين. يضمّ الجهاز في تصميمه قارئ للبصمة، وبطارية تدوم ليوم كامل ستروق لمهووسي الإنتاجية المتواصلة. ولكنكم قد تواجهون أثناء استخدامكم لهذا اللابتوب عيباً وحيداً هو شاشته ذات الإضاءة الخافتة.","Technology"
"  أفضل لابتوب للعمل بمقاس 14 - 15 بوصة. «إكس بي إس 15 9570» من ديل Dell XPS 15 9570. السعر: 1699.44 دولار.","Technology"
" تحتاج اللابتوبات التي تُستخدم لأداء مهام معقّدة ولفترات عمل طويلة إلى وحدة معالجة مركزية قويّة وشاشة كبيرة الحجم لضمان استمرارية إنتاجية المستخدم، إلى جانب بطارية جيّدة طبعاً وسهولة الحمل للسفر والتنقّل. في هذا الإطار، وضع لابتوب «إكس بي إس 15 9570» من ديل (المتوفّر على موقع أمازون) المعيار التالي: جهاز رقيق ولكن محمّل بالخصائص، يتميّز بخفّة وزنه، ويتضمّن وحدة معالجة مركزية «كور» i7 سداسية النواة ستواكبكم طوال اليوم، وكذلك ستفعل بطاريته التي تضمن لكم 97 ساعة من العمل أسبوعياً، أي بمعدّل 14 ساعة يومياً حتّى مع تشغيل وتعديل الفيديوهات (أثبتت البطارية جدارتها خلال الاختبارات).","Technology"
" وتجدر الإشارة إلى أنّ تصميم «إكس بي إس». الحالي لم يتغيّر كثيراً عن الأجيال السابقة. وهذا التصميم شبه كامل ولا ينقصه شيء، إلّا أنّ الإصدار الجديد يتميّز بقارئ بصمة خارق جعله يتفوّق على ما سبقه.","Technology"
"  خيار آخر. «ثينك باد إكس 1 إكستريم» من لينوفوLenovo ThinkPad X1 Extreme","Technology"
" لا يختلف هذا الجهاز (متوفّر عبر موقع الشركة) كثيراً عن اللابتوب السابق، حيث إنه يتضمّن وحدة معالجة مركزية «كور i7 - 8850H» سداسية النواة، ووحدة معالجة للرسوميات «جي فورس GTX 1050 Ti Max - Q»، وشاشة 4 كيه بمقاس 15.6 بوصة، ويزن نحو 1.8 كلغم أي أخفّ بنحو 0.2 كلغم من «XPS 15 9570» بالتركيبة الداخلية المشابهة. ولكنّه لسوء الحظّ لم يحتلّ صدارة هذه الفئة لأنّه أقلّ سرعة من جهاز ديل، وأغلى ثمناً من معظم منافسيه.","Technology"
" في المقابل، يعتبر هذا اللابتوب خياراً مثالياً لموظفي الشركات الكبرى بسبب وحدة المعالجة المركزية المتينة التي يضمّها، وتوفيره الكثير من أدوات تكنولوجيا المعلومات المفيدة، دون أن ننسى أنّ ميزانية هؤلاء قد تحتمل سعره الباهظ.","Technology"
"  أفضل لابتوب متحوّل. «سبيكتر» x360 13t من «إتش بي». HP Spectre x360 13t السعر: 1299 دولارا.","Technology"
" يعد لابتوب «سبيكتر» x360 13t الجديد من «إتش بي» من الأجهزة الرقيقة والخفيفة بتقديم جميع ميزاتها مجتمعة لمستخدميه. هل ترغبون بوسيط تخزين ذي حالة ثابتة M2؟ ستحصلون عليه في سبيكتر الجديد. أو هل تريدون منفذ USB A؟ ستجدونه أيضاً. وتجدر الإشارة إلى أنّ لابتوب سبيكتر الجديد سجّل تمايزاً واضحاً عند مقارنته بلابتوب «إكس بي إس 13 2 في 1 7390»، المعروف بتفوّقه في فئة اللابتوبات المتحوّلة.","Technology"
"التجارة الصينية تفوق التوقعات في يونيو بدعم طلب قوي ","Economy"
"حققت الصين أرقاما تجارية أقوى من المتوقع في يونيو حزيران اليوم الخميس بدعم قوة الطلب العالمي على السلع الصينية وزيادة الإقبال على مواد البناء في الداخل غير أن القيود المحلية على الإقراض قد تؤثر على الواردات في وقت لاحق من العام.","Economy"
" وأظهرت بيانات رسمية أن صادرات ثاني أكبر اقتصاد في العالم زادت 11.3 بالمئة على أساس سنوي في حين زادت الواردات 17.2 بالمئة ليتجاوز كلاهما توقعات المحللين.","Economy"
" وفي حين استفادت الصادرات من الطلب القوي على الالكترونيات والسلع الصناعية فقد يفضي الفائض التجاري المتزايد وبخاصة مع الولايات المتحدة إلى توترات تجارية حيث يسعى الرئيس الأمريكي دونالد ترامب لتعزيز نشاط القطاع الصناعي ببلاده.","Economy"
" ويقول المحللون إن المخاطر الاقتصادية والسياسية قد تقوض الكثير من الزخم التجاري القوي الذي شهدته الصين في النصف الأول من العام.","Economy"
" وحققت الصين فائضا تجاريا بلغ 42.77 مليار دولار في يونيو حزيران وهو ما يتجاوز بقليل توقعات المحللين لتحقيق فائض 42.44 مليار دولار ويزيد على الفائض التجاري لمايو أيار البالغ 40.81 مليار دولار.","Economy"
" وتوقع محللون استطلعت رويترز آراءهم زيادة شحنات يونيو حزيران من أكبر مصدر في العالم 8.7 بالمئة تماشيا مع النمو المسجل في مايو أيار. وكان من المتوقع زيادة الواردات 13.1 بالمئة في تباطؤ طفيف عن زيادة قوية لم تكن متوقعة في مايو أيار بلغت 14.8 بالمئة.","Economy"
" وزادت الصادرات المقومة باليوان 15 بالمئة على أساس سنوي في الفترة من يناير كانون الثاني حتى يونيو حزيران في حين قفزت الواردات 25.7 بالمئة في نفس الفترة.","Economy"
" وأظهرت البيانات الرسمية أن الفائض التجاري للصين مع الولايات المتحدة سجل 25.4 مليار دولار في يونيو حزيران ارتفاعا من 22 مليار دولار في مايو أيار وهو أعلى فائض تجاري منذ أكتوبر تشرين الأول 2015 وفقا لحسابات رويترز. ","Economy"
"أرامكو توقع مذكرات تفاهم قيمتها 39 مليار ريال لتشجيع المحتوى المحلي ","Economy"
"وقعت أرامكو السعودية اليوم الأربعاء اتفاقات مع شركات أجنبية ومحلية لا تقل قيمتها عن 39 مليار ريال (10.4 مليار دولار).","Economy"
" وقالت الشركة إن الجانب الأكبر من مذكرات التفاهم الموقعة يأتي في إطار مبادرة لتشجيع التصنيع المحلي. وجرى توقيع اتفاق أيضا مع شركة خدمات النفط والحفر شلومبرجر قيمته ستة مليارات ريال.","Economy"
"أزمة بيئية تهدد أكبر بحيرة للمياه العذبة في العالم .. «بايكال» تواجه نقمة الطفرة السياحية ","Economy"
"تسبب الطفرة السياحية في بحيرة بايكال في سيبيريا قلقا للسلطات من الناحية البيئية، حيث تعتزم تقييد السياحة في هذه المنطقة التي تستقبل نحو 1.6 مليون سائح سنويا، عن طريق فرض نظام حصص.","Economy"
" على شاطئ بحيرة ""بايكال"" في سيبيريا، وهي أكبر بحيرة للمياه العذبة في العالم، تصطف مجموعة ملونة من الأكشاك التي تبيع الكباب، تقف حافلات سياحية لا تحصى بطول الشاطئ الضيق، وتشكل طابورا يصل طوله إلى نحو كيلو متر.","Economy"
" وفقا لـ""الألمانية"" كانت بلدة ""ليستفيانكا"" الصغيرة على الشاطئ الغربي للبحيرة الرائعة ذات يوم قرية تقليدية لصيد الأسماك، لكن لم يتبق كثير من هذا التراث اليوم. ويجذب الموقع، المدرج ضمن قائمة مواقع التراث العالمي لمنظمة الأمم المتحدة للتربية والعلوم والثقافة ""اليونيسكو""، مئات الآلاف من السياح سنويا. وفي ظل هذه الزيادة في عدد الزوار، مقارنة بأي وقت مضى، زاد أيضا حجم النفايات على المنوال نفسه، حسبما حذر خبراء البيئة.","Economy"
" ولم تبعد هذه البحيرة -وهي الأعمق في العالم، حيث يزيد عمقها على 1600 متر- أبدا عن العناوين الرئيسة في الأعوام الأخيرة. في الماضي، كان المعنيون بحماية البيئة يقاومون مصنعا لإنتاج الورق كان يطلق نفاياته مباشرة في البحيرة، وتم إغلاق المصنع قبل ستة أعوام، ووصف بأنه ""عار على روسيا"".","Economy"
" والآن، تتصدر البحيرة التي يبلغ طولها 640 كيلو مترا وعرضها 80 كيلو مترا في أوسع نقطة، عناوين الصحف بسبب الطفرة السياحية هناك.","Economy"
" وقال سيرجي إيفانوف، أمين المظالم المعني بالبيئة في الرئاسة الروسية ""الكرملين""، في مؤتمر بيئي عقد أخيرا ""تسبب ""بايكال"" لنا قلقا كبيرا""، ليلقي الضوء على قضية تجذب انتباه العلماء على نحو متزايد. ويريد إيفانوف تقييد السياحة في المنطقة الهشة من الناحية البيئية عن طريق فرض نظام حصص.","Economy"
" يخيم كثير من السياح في المنطقة، من دون تصريح، ولا توجد في الفنادق مرافق مناسبة لمعالجة مياه الصرف الصحي؛ كما يستمتع المخيمون بحفلات شواء بطريقة تفتقد للمسؤولية، ما يتسبب بشكل متكرر في حرائق غابات، كما تراكمت أطنان من القمامة على الشاطئ، لتعرض البحيرة للخطر.","Economy"
"الدولار يهبط لأدنى مستوى في 3 أشهر بفعل آمال بريكست ","Economy"
"هبط الدولار الأمريكي إلى أدنى مستوى في ثلاثة أشهر اليوم مع انحسار مشتريات الاستثمار الآمن وتحسن شهية المستثمرين للمخاطرة وسط آمال بتقدم في مفاوضات التجارة بين الولايات المتحدة والصين وكذلك تزايد فرص خروج منظم لبريطانيا من الاتحاد الأوروبي.","Economy"
" ,وبحسب ""رويترز"" صعد الجنيه الاسترليني إلى أعلى مستوى في أكثر من ثلاثة أشهر مقابل الدولار بدعم من أجواء التفاؤل بشأن بريكست بينما سجل اليورو أعلى مستوى في ثلاثة أسابيع.","Economy"
" وفي الوقت نفسه، هبطت عملات أخرى للاستثمار الآمن مثل الين الياباني والفرنك السويسري.","Economy"
" وأنهى مؤشر الدولار، الذي يقيس قيمة العملة الأمريكية مقابل سلة من ست عملات رئيسية، جلسة التداول منخفضا 0.37 بالمئة إلى 98.333 بعد أن هبط في وقت سابق إلى أدنى مستوى في ثلاثة أشهر ونصف الشهر عند 98.197 .","Economy"
" وارتفع اليورو 0.33 بالمئة إلى 1.1040 دولار مجاريا أعلى مستوى في ثلاثة أسابيع الذي سجله في جلسة الخميس.","Economy"
" وصعد الدولار 0.5 بالمئة مقابل العملة اليابانية إلى 108.40 ين بعد أن سجل في وقت سابق أعلى مستوى في شهرين ونصف.","Economy"
" وقفز الاسترليني إلى أعلى مستوى في أكثر من ثلاثة أشهر عند 1.2708 دولار وسجل ذروة خمسة أشهر مقابل اليورو عند 87.02 بنس. وجرى تداول الاسترليني في أواخر التعاملات مرتفعا 1.7 بالمئة عند 1.2662 دولار.","Economy"
"بريطانيا تحظر نصب معدات ""هواوي"" الخاصة بالجيل الخامس بدءا من سبتمبر 2021 ","Economy"
"أعلنت الحكومة البريطانية اليوم الإثنين أنها سوف تمنع موفري خدمة الإنترنت من نصب معدات هواوي فى شبكة الجيل الخامس بالبلاد اعتبارا من شهر  سبتمبر 2021، بحسب ما نشرت ""الألمانية"".","Economy"
" وذكرت وكالة برس اسوسييشن البريطانية أن أوليفر دودن، وزير الدولة لوسائل الإعلام والثقافة والرياضة، حدد الموعد الجديد قبل عرض مشروع قانون الاتصالات اللاسلكية (الأمن) على البرلمان يوم الإثنين.","Economy"
" وقال دودن في بيان اليوم:"" إننا بصدد اتخاذ أكثر الخطوات جسارة لتطبيق واحدة من أشد أنظمة أمن الاتصالات صرامة فى العالم"".","Economy"
" وأضاف أن"" الجزء المحوري من ذلك يتمثل فى مكافحة البائعين بالغي الخطورة، وقد حددت جدولا زمنيا واضحا للانتهاء من إزالة معدات هواوى من شبكات الجيل الخامس الخاصة بنا فى موعد أقصاه عام 2027"".","Economy"
" كانت الحكومة البريطانية قد ذكرت فى يوليو أنها سوف تستبعد عملاق التكنولوجيا الصينية من البنية التحتية الخاصة بالجيل الخامس فى بريطانيا، استنادا إلى مخاوف أمنية.","Economy"
" وأشار دودن فى ذات الوقت إلى أنه بحلول الموعد المذكور يتعين إزالة الأجزاء المنصوبة بالفعل بحلول عام 2027 بما فى ذلك البنية التحتية","Economy"
" الموجودةالخاصة بالجيل الرابع.","Economy"
"بلومبرج: تغيرات كبرى وعميقة تنتظر الاقتصاد العالمي .. ما زلنا في البداية ","Economy"
"الصدمات الاقتصادية الكبرى مثل جائحة فيروس كورونا، التي تفشت خلال العام الحالي تحدث كل عدة أجيال، وتؤدي إلى تغييرات دائمة وعميقة.","Economy"
" وذكر تقرير نشرته وكالة ""بلومبيرج"" للأنباء أنه بمقياس إجمالي الناتج المحلي، يمكن القول إن الاقتصاد العالمي يمضي بصورة جيدة في طريق التعافي من التباطؤ الذي تحمل تداعياته سكان العالم أجمع تقريبا، لكن التغيرات الكبرى في الاقتصاد العالمي ما زالت في بدايتها.","Economy"
" ومن المحتمل أن يساعد بدء التطعيم بلقاحات كورونا في تسريع وتيرة التعافي، لكن من المنتظر أن تحدد آثار فيروس كورونا المستجد، شكل النمو العالمي لأعوام مقبلة.","Economy"
" ويمكن تمييز بعض هذه الآثار الآن بالفعل، فالإنسان الآلي والأنظمة الإلكترونية تستحوذ على عديد من وظائف عمال المصانع والخدمات، بينما، سيبقى موظفو الأعمال الإدارية في منازلهم لوقت أطول.","Economy"
" كما سيزداد التباين في الدخول بين الدول بعضها بعضا وداخل الدولة نفسها، وستلعب الحكومات دورا أكبر في حياة المواطنين وستنفق وتقرض مزيدا من الأموال. وقد عادت الحكومة الكبيرة إلى الظهور حيث تعاد كتابة العقد الاجتماعي بين المجتمع والدولة بسرعة.","Economy"
" ويحذر البنك الدولي من أن الجائحة ستؤدي إلى ظهور جيل جديد من الفقراء وفوضى في سوق الديون، ويقول صندوق النقد الدولي إن الدول النامية تواجه خطر العودة إلى الخلف لمدة عشرة أعوام على الأقل بسبب تداعيات الجائحة.","Economy"
" وأصبح من الشائع أن تتبع السلطات الأماكن التي يذهب إليها الأشخاص ومن التقوا بهم وتدفع لهم رواتبهم بدلا من أصحاب العمل الذين لا يستطيعون مواصلة دفع الأجور في ظل التداعيات الاقتصادية لجائحة كورونا - ودفع رواتبهم عندما لا يتمكن أصحاب العمل من إدارتها.","Economy"
" وفي الدول التي سادت فيها أفكار السوق الحرة لعقود طويلة، كان لا بد من إصلاح شبكات الأمان الاجتماعي للحد من تداعيات الجائحة، ولدفع تكلفة هذه الإجراءات، واجهت حكومات العالم عجزا في الميزانية بلغ 11 تريليون دولار هذا العام.","Economy"
" ووفقا لشركة ماكينزي للاستشارات المحاسبية والقانونية، هناك بالفعل نقاش حول المدة التي يمكن أن يستمر فيها هذا الإنفاق الحكومي الكبير، ومتى يتعين على دافعي الضرائب بدء سداد هذه الفاتورة.","Economy"
" ولكن على الأقل في الاقتصادات المتقدمة، لا تشير أسعار الفائدة شديدة الانخفاض والأسواق المالية غير المنضبطة إلى أزمة مالية على المدى القريب. وتضيف بلومبيرج أنه على المدى الطويل، ستؤدي إعادة التفكير الكبيرة في الأوضاع الاقتصادية إلى تغيير الأفكار بشأن الدين العام. فهناك إجماع جديد على أن الحكومات لديها مجال أكبر للإنفاق في عالم منخفض التضخم، كما يمكن لهذه الحكومات استخدام السياسة المالية بشكل أكثر استباقية لدفع اقتصاداتها إلى النمو.","Economy"
" وعادت البنوك المركزية إلى طبع النقود، كما سجلت أسعار الفائدة مستويات منخفضة قياسية جديدة، وكثف محافظو البنوك المركزية سياسات التيسير الكمي، ووسعوا نطاقها لتشمل شراء سندات الشركات إلى جانب السندات الحكومية بهدف تعزيز الأداء الاقتصادي.","Economy"
" لقد أوجدت كل هذه التدخلات النقدية بعضا من أسهل الظروف المالية في التاريخ - وأطلقت العنان لجنون الاستثمار المضارب، الذي ترك كثيرا من المحللين قلقين بشأن المخاطر الأخلاقية في المستقبل.","Economy"
" لكن من الصعب تغيير اتجاه سياسات البنوك المركزية، خاصة إذا ظلت أسواق العمل متعثرة واستمرت الشركات في إجراءات خفض النفقات. ويشير التاريخ إلى أن الأوبئة تخفض أسعار الفائدة لفترة طويلة، وفقا لدراسة نشرت هذا العام.","Economy"
" وترى الدراسة أنه بعد ربع قرن من تفشي المرض، ستكون الفائدة أقل بنحو 1.5 نقطة مئوية عما كانت ستصبح عليه لولا تفشي الوباء. وخلال جائحة كورونا قدمت الحكومات القروض والتسهيلات الائتمانية كشريان حياة للاقتصاد، واستحوذت الشركات على هذه التسهيلات.","Economy"
" وكانت إحدى النتائج ارتفاع مستويات ديون الشركات في جميع أنحاء العالم المتقدم؛ حيث يقدر بنك التسويات الدولية أن الشركات غير المالية اقترضت 3.36 تريليون دولار في النصف الأول من عام 2020.","Economy"
" ويشير تقرير ""بلومبيرج"" إلى أنه مع انخفاض الإيرادات في عديد من الصناعات بسبب إجراءات الإغلاق أو حذر المستهلكين، في حين تلتهم الخسائر ميزانيات الشركات، تعد الظروف مهيأة لإيجاد أزمة عجز كبير عن سداد الديون بالنسبة للشركات، وفقا لتقرير جديد.","Economy"
" ويحذر البعض أيضا من خطورة الإفراط في تقديم الدعم للشركات، مع القليل من التمييز بشأن من يمكنه الحصول على هذا الدعم الحكومي، فيما يرى هؤلاء المحللون أن هذا المنهج يعد وصفة لوجود ما تسمى بـ""شركات زومبي"" لا يمكنها البقاء في السوق الحرة ولا تستطيع مواصلة عملها إلا بمساعدة الدولة، مما يجعل الاقتصاد بأكمله أقل إنتاجية.","Economy"
" وفي المقابل فإن الدول الفقيرة تفتقر إلى الموارد اللازمة سواء لحماية الوظائف والشركات، أو للاستثمار في اللقاحات، بالطريقة التي تتحرك بها الدول الأغنى حاليا، وستحتاج هذه الدول الفقيرة إلى شد الحزام وتقليص الإنفاق العام في أقرب وقت ممكن حتى لا تواجه خطر انهيار عملاتها المحلية وهروب رؤوس الأموال.","Economy"
"واشنطن تهدد صناعة السيارات الأوروبية .. وبكين تتحاشى الحرب التجارية ","Economy"
"قال متحدث باسم البرلمان الصيني أمس ""إن بلاده لن تقف مكتوفة الأيدي وستتخذ إجراءات ضرورية""، بعد إعلان الرئيس الأمريكي دونالد ترمب، عن الرسوم الجمركية الجديدة على الصلب والألمنيوم.","Economy"
" وأوضح تشانج يسوي، نائب وزير الشؤون الخارجية في مؤتمر صحافي قبيل افتتاح الجلسة البرلمانية السنوية الصينية ""لا تريد الصين حربا تجارية مع الولايات المتحدة، لكن إذا قامت الولايات المتحدة بفعل من شأنه الإضرار بالمصالح الصينية، فان الصين لن تقف مكتوفة الأيدي وستتخذ ما يلزم من إجراءات، وبالنسبة إلى مثل تلك العلاقة الكبيرة، فمن الطبيعي أن تكون هناك بعض الخلافات""، مضيفا أن ""الحل هو فتح أسواق وجعل التعاون أكبر"".","Economy"
" وتصاعدت المخاوف من اندلاع حرب تجارية بين الولايات المتحدة التي تستعد لفرض تعريفات جمركية من جانب، وبين الصين وشركاء رئيسين آخرين لواشنطن قد يوجهون ضربات انتقامية.","Economy"
" والصين منتج رئيسي للصلب والألمنيوم في العالم لكنها تؤمن جزءا ضئيلا من الواردات الأمريكية من هذين المنتجين، وبالتالي فإن هذه الرسوم الجديدة لن يكون لها تأثير كبير فيها في حال إقرارها.","Economy"
" لكن يسوي، أبدى مخاوف إزاء الانزلاق في دوامة تخرج عن السيطرة، في وقت تضاعف فيه واشنطن التحقيقات ورسوم مكافحة إغراق الأسواق ضد العملاق الآسيوي في مجالات عديدة تمتد من الغسالات إلى الألواح الشمسية.","Economy"
" وقال مشددا ""من الضروري للجميع أن يفهموا بوضوح وموضوعية النوايا الاستراتيجية للطرف الآخر""، مضيفا أن ""السياسات التي تؤسس على الأحكام غير السليمة والتصورات الخاطئة ستسيء إلى العلاقات وقد تكون لها عواقب لا يرغب فيها أي طرف"".","Economy"
" وحذرت بكين مرارا في الأشهر الأخيرة من أنها ستتخذ ""التدابير الضرورية"" دفاعا عن مؤسساتها في وجه ""القرارات الحمائية"" التي تصدر عن واشنطن.","Economy"
" وفتحت السلطات الصينية في هذا السياق تحقيقا مضادا للإغراق بحق الذرة البيضاء الأمريكية، كما أنها لا تستبعد استهداف صادرات الصويا الهائلة الأمريكية.","Economy"
" وزار ليو هي المستشار المقرب من الرئيس الصيني شي جين بينج واشنطن هذا الأسبوع في محاولة لإعادة الزخم إلى العلاقات الاقتصادية بين الدولتين، لكن تصريحات ترمب صدرت أثناء زيارته، فكانت بمنزلة صفعة لبكين.","Economy"
" ورغم ذلك، أكدت وكالة أنباء الصين الجديدة ""شينخوا"" أن ليو والمسؤولين الأمريكيين الذين التقاهم ""اتفقوا على ضرورة أن يعمد البلدان إلى تسوية خلافاتهما التجارية من خلال التعاون وليس المواجهة"".","Economy"
" وقال تشانج الأحد ""إن الحوار سيتواصل قريبا في بكين""، ولا يشكل الصلب والألمنيوم سوى جزء بسير من صادرات العملاق الآسيوي إلى الولايات المتحدة، حيث بلغ نحو 1 في المائة العام الماضي بحسب الجمارك الصينية.","Economy"
" وإثر ضغوط مارسها الغرب، عملت بكين على الحد بشكل كبير من قدرات مصنعي الفولاذ الصينيين، ورغم إنتاج محلي يتزايد، تراجعت الصادرات الصينية من الصلب بنسبة 30.5 في المائة العام الماضي.","Economy"
" في المقابل، فإن منتجي الصلب في كندا والبرازيل والمكسيك وكوريا الجنوبية وتركيا يعولون بشكل كبير على السوق الأمريكية التي تشكل أهمية قصوى لهم.","Economy"
" ويوضح ذلك ردود الفعل الصينية الأولية المعتدلة على تصريحات ترمب مقارنة بالتنديد الشديد الصادر عن كندا وأوروبا، واكتفت بكين بدعوة الولايات المتحدة إلى ""الامتناع عن استخدام أدوات حمائية""، ورأى وانج يي وزير الخارجية أن الرسوم على الصلب والألمنيوم التي تفرض تحت شعار الأمن القومي ""لا أساس لها"".","Economy"
" وفي تطور آخر، هدد الرئيس الأمريكي الاتحاد الأوروبي أمس بفرض ضرائب على السيارات إذا قام التكتل الأوروبي بزيادة الرسوم الجمركية على الشركات الأمريكية، بينما ذكرت بكين أنها تأمل في تفادي حرب تجارية مع واشنطن.","Economy"
" وكتب ترمب عبر موقع التواصل الاجتماعي ""تويتر""، ""إذا كان الاتحاد الأوروبي يرغب في زيادة رسومه وعوائقه الضخمة بالفعل، أمام الشركات الأمريكية التي تقوم بأعمال هناك، فإننا سنقوم ببساطة بفرض ضرائب على سياراتهم التي تتدفق بحرية إلى الولايات المتحدة"".","Economy"
" وأضاف ""إنهم يجعلون الأمر مستحيلا لبيع سياراتنا هناك. يا له من خلل تجاري كبير""، واشتكى ترمب أيضا من العجز التجاري الذي أرجعه إلى ""اتفاقياتنا وسياساتنا التجارية الغبية للغاية"".","Economy"
" ويعتقد ترمب أن تلك الاتفاقات تقدم الوظائف والثروات الأمريكية إلى ""دول أخرى استفادت منا لسنوات""، وذكرت صحيفة ""واشنطن بوست"" أن الهدف الرئيسي لهجمات ترمب في وسائل التواصل الاجتماعي، هو ألمانيا.","Economy"
" ويرى بيتر نافارو، أحد كبار مستشاري التجارة في إدارة ترمب، أن حصة شركات صناعة السيارات الأمريكية في الاسواق سرقت في الولايات المتحدة جراء استيراد كميات كبيرة من السيارات الأوروبية، فيما يجري تقليص عدد السيارات الأمريكية التي تباع في ألمانيا، وفقا للصحيفة الأمريكية.","Economy"
" وفي عام 2017، تم بيع نحو 1.35 مليون سيارة ألمانية جديدة في الولايات المتحدة، بزيادة قدرها 1 في المائة، وفقا للرابطة الألمانية لصناعة السيارات.","Economy"
" وتوقع ماتياس ويزمان الرئيس السابق للرابطة الألمانية لصناعة السيارات، أن تواصل ""مبيعات السيارات الألمانية في الولايات المتحدة الارتفاع في عام 2018"".","Economy"
" ودعت بريجيته تسيبريس وزيرة الاقتصاد الألمانية إلى الاعتدال في ظل تهديدات ترمب بفرض تعريفات جمركية عقابية على السيارات القادمة من الاتحاد الأوروبي.","Economy"
" وقالت تسيبريس ""آمل أن ينصت الرئيس الأمريكي للأصوات العاقلة الكثيرة الصادرة من بلاده أيضا وأن يعيد التفكير.. الرئيس ترمب يسعى للعب لعبة لا يمكن لأحد كسبها. فزيادة التعريفات باستمرار على مزيد من المنتجات، يمكن أن تؤدي في النهاية إلى تعرض تخفيضات التعريفات الجمركية السارية من عقود طويلة والتجارة الحرة والرخاء للخطر"".","Economy"
" وأكدت وزيرة الاقتصاد الألمانية أن الحكومة الاتحادية لا تزال تعول على التعاون الدولي واتفاقيات التجارة الحرة للاتحاد لأوروبي مع شركاء تجاريين في العالم بأسره.","Economy"
" ودعا اتحاد الاقتصاد الألماني لصناعات الحديد والصلب إلى اتخاذ ردود فعل حاسمة بالنظر إلى الرسوم الجمركية العقابية، وكتب رئيس الاتحاد هانز يورجن كركهوف، في مقال تم نشره أمس في جريدة ""تاجس شبيجل"" الألمانية ""يجب ألا تقف ألمانيا والاتحاد الأوروبي جانبا، عندما تتم محاولة إعادة صياغة قواعد اللعب العالمية""، وشدد على ضرورة أن تتخذ المفوضية الأوروبية إجراء سريعا.","Economy"
" وأشار كركهوف، إلى ضرورة أن تحمل ألمانيا راية المبادرة بصفتها ""معقلا صناعيا""، لافتا إلى أنه ينقص المؤسسات الأوروبية حتى الآن استخلاص استنتاجات واضحة من التطورات العالمية، محذرا من عواقب ملموسة على مستوى العالم نتيجة فرض الرسوم الجمركية الأمريكية على الواردات، ولا سيما في ألمانيا وأوروبا.","Economy"
" وأوضح كركهوف، أن الشركات التي تصدر الصلب إلى الولايات المتحدة حتى الآن، ستبحث عن بدائل، و""بشكل إجمالي تحاسب أوروبا على فاتورة الحمائية الأمريكية"".","Economy"
" وجاءت تصريحات ترمب على ""تويتر"" بعد أن أعلن الخميس الماضي عن خطط لفرض تعريفات جمركية بنسبة 25 في المائة على الصلب المستورد و10 في المائة على فئات واسعة من واردات الألمنيوم، ما دفع الشركاء التجاريين إلى النظر في اتخاذ تدابير انتقامية، وتفاخر ترمب في وقت لاحق بأن الحروب التجارية ""جيدة، ومن السهل الفوز فيها"".","Economy"
" ولم يكن هذا القرار جديداً أو حتى مفاجئاً بالنسبة إلى دول العالم كافة، حيث كشف الرئيس الأمريكي عن تلميحات بشأن هذه الخطة المزمع تنفيذها في مناسبات عدة يمتد تاريخها إلى أقل قليلاً من عام مضى.","Economy"
" وكانت البداية في تموز (يوليو) الماضي، بعدما ألمح ترمب إلى أنه يخطط لفرض قيود جديدة على واردات الصلب عبر التعريفات الجمركية أو نظام الحصص النسبية، وذلك خلال إحدى جولاته في فرنسا.","Economy"
" تأتي تلميحات رئيس الولايات المتحدة بالتزامن مع إصدار تعليماته لوزارة التجارة للتحقيق فيما إذا كانت واردات الصلب والألمنيوم تمثل تهديداً للصناعة الوطنية الأمريكية.","Economy"
" وتجددت الإشارات في منتدى ""دافوس"" الاقتصادي الذي عقد في كانون الثاني (يناير) الماضي في سويسرا، بقوله ""إن جميع دول العالم تستغل بلاده وإنه يبحث عن علاقة تجارية متبادلة وعادلة، ليعقبها الكشف عن بحثه مجموعة من الخيارات بشأن واردات الصلب والألمنيوم"".","Economy"
" وفي نفس التوقيت وداخل ""دافوس""، أكد ويلبر روس وزير التجارة الأمريكي أن الولايات المتحدة وصلت إلى الحروب التجارية التي دائماً ما كانت موجودة، مقللا من أثر تلك التعريفات على زيادة الأسعار ومفسراً الوضع بأنه سيكون طفيفاً رغم انتشاره على نطاق واسع.","Economy"
" من جانبه، ألمح جان كلود يونكر رئيس المفوضية الأوروبية إلى أن الاتحاد الأوروبي يعد خطوات ضد علامات تجارية أمريكية مثل ""ليفياس""، و""هارلي ديفيدسون"".","Economy"
" وأوضح ألكسندر وينترستين، المتحدث باسم المفوضية الأوروبية، أن الاتحاد الأوروبي يستعد لهذا الوضع منذ ""فترة طويلة""، معتبرا قرارا بهذا الشأن يمكن اتخاذه عندما يجتمع كبار مسؤولي المفوضية الأربعاء المقبل.","Economy"
" وأشار وينترستين، إلى أن الاتحاد الأوروبي سيقف على استعداد لحماية سوق الصلب المحاصر في أوروبا في حالة ارتفاع الواردات نتيجة للتعريفات الأمريكية، مضيفا أن ""الاتحاد الأوروبي سيسعى إلى تسوية النزاع أمام منظمة التجارة العالمية"".","Economy"
" وحصد القرار المزمع فرضه في غضون أيام قليلة توافق آراء نادر ضده، حيث ينظر إليه كفكرة ""سيئة""، ستضر بالصناعة وتؤدي إلى حرب تجارية كان يمكن تفاديها عبر الضغط بالتعاون مع الحلفاء من خلال منظمة التجارة العالمية.","Economy"
" وفي تدخل نادر من منظمة التجارة، عبر روبرتو أزيفيدو مدير المنظمة عن قلقه إزاء خطة ترمب بسبب إمكانيات التصعيد لردود الآخرين، فيما ترى وكالة ""موديز"" أن القرار الأمريكي يحمل خطراً بشأن تصنيف منتجي الصلب في آسيا لكنه أثر غير ملموس.","Economy"
" في المقابل، يرى صندوق النقد الدولي أن تعريفات ترمب قد تسبب ضرراً اقتصادياً للولايات المتحدة وشركائها التجاريين، كما حث الدول على حل الخلافات التجارية دون اللجوء إلى إجراءات انتقامية.","Economy"
" من جهة أخرى، يأمل بعض حلفاء الولايات المتحدة مثل كندا وأستراليا والمكسيك وكوريا الجنوبية في إعفائهم من الرسوم الأمريكية، فقد حذرت أستراليا أمس من عاقبة تبادل الإجراءات الانتقامية ومن اندلاع حرب تجارية يمكن أن تؤدي إلى تباطؤ نمو الاقتصاد العالمي، فيما سعت إلى ضمان إعفاء صناعة الصلب والألمنيوم الأسترالية من رسوم الاستيراد التي فرضها الرئيس الأمريكي على هذه المواد.","Economy"
" وحاولت كانبرا إقناع الولايات المتحدة باستبعاد أستراليا من هذه الرسوم الثقيلة، مشيرة إلى تفاهم تم التوصل إليه مع واشنطن خلال قمة العشرين العام الماضي.","Economy"
" وتبرز مخاوف على صعيد السوق المحلية من أن هذه الرسوم الأمريكية قد تغرق الأسواق ببضائع رخيصة كانت مخصصة في الأصل للتصدير إلى السوق الأمريكية.","Economy"
" وأوضح ستيف شوبو وزير التجارة الأسترالي لقناة سكاي نيوز أستراليا، ""لقد رأينا في اليومين السابقين ردودا من كندا والاتحاد الأوروبي. ورأينا الحكومة الأمريكية تعود إلى الحديث عن فرض رسوم على السيارات"".","Economy"
" وأضاف شوبو ""هذا ما يقلقني، إذا استمررنا في رؤية هذا التصعيد في الخطاب، وأيضا تطبيق زيادة الرسوم على الواردات والصادرات في عدة اقتصادات في نهاية المطاف فإن هذا سيؤدي إلى تباطؤ في النمو"".","Economy"
